Epoch,Recon Loss,Disc Loss,Gen Loss
1,0.31964353640874227,0.22987673636836312,3.4965460244814555
2,0.3152553079028924,0.44400576428510247,4.2718876159191135
3,0.30636235321561495,0.9952131076157094,4.7108295931170385
1,0.23545606019596257,0.7921172772720456,3.8977385916312537
2,0.1701177978515625,0.797101209970812,2.602708462278048
3,0.1617726792395115,0.9631991988668839,1.9104070855180422
4,0.1598809288193782,1.0425412772099176,1.5958861920237541
5,0.1596239044268926,1.1457950134078663,1.3731123207012812
6,0.15970241685708364,1.1126846362153688,1.3436516026655834
7,0.15939629537363847,1.1355019211769104,1.2379566921790441
8,0.15904955382148425,1.2290602494279543,1.303704135020574
9,0.1591800058633089,1.1799737810095152,1.172579423089822
10,0.15872339303294816,1.2294745247562726,1.1216305430730185
11,0.15859866589307786,1.2521225090821584,1.0174257443348567
12,0.15868240719040236,1.277540963689486,0.9973196026682853
13,0.15821884669363498,1.282328983147939,0.9597976257403692
14,0.1581871314595143,1.28981125553449,0.9100850152969361
15,0.15825178623199462,1.3072471690177918,0.9074978827436765
16,0.15800324815015,1.3213458762566248,0.8327212718129158
17,0.15826839496692022,1.3200792332490285,0.8366268101334572
18,0.1576964848736922,1.3322482987244924,0.8418066306908926
19,0.1577601685623328,1.3380230460564295,0.8221216891209284
20,0.1576707873493433,1.3336208377281824,0.847738460401694
21,0.1576816593358914,1.3415457089742024,0.8297923827171325
22,0.1574178705116113,1.3307186939318976,0.8491016866763433
23,0.1570404948790868,1.3385355748732886,0.8349782525499662
24,0.15694014944136142,1.3380775060256322,0.8339078963796298
25,0.15706283874809743,1.3365000092983246,0.8444009740153948
26,0.15725913795332114,1.3437422639131547,0.8293523659308751
27,0.15710571085413297,1.3457551536957424,0.8186195057630539
28,0.1570770623286565,1.3524687039852141,0.8032338128487269
29,0.15668925327559313,1.3445350281397501,0.8189412943522135
30,0.15663278510173162,1.3482285000880558,0.8020231382052103
31,0.15619921637078127,1.350640779733658,0.8256078398227692
32,0.1558912872026364,1.3537352931499482,0.7965406757593155
33,0.15582322977483273,1.3450887884696325,0.8113614572087924
34,0.15597996279597282,1.3499580279986063,0.808496537009875
35,0.15565918068091075,1.3555144774913788,0.7995235835512479
36,0.15536751920978228,1.3546444096167882,0.7905381090442339
37,0.15541721093157926,1.3585082044204075,0.781409957309564
38,0.15490351522962253,1.3593540171782175,0.7860561068852743
39,0.1547400243083636,1.3646503816048303,0.7713222114245096
40,0.15514320331315198,1.362791704336802,0.7644095037380855
41,0.15515113323926927,1.360405802130699,0.7715133045117061
42,0.15487808088461558,1.363211201230685,0.7653970529635747
43,0.1546690017481645,1.3651953172683715,0.7558122699459394
44,0.15397306390106677,1.3654653437932331,0.7647331786155701
45,0.15341530750195184,1.3616157380739848,0.7693118882179261
46,0.1537731569012006,1.3647578138113021,0.7621223421891531
47,0.15440178339680036,1.366196145415306,0.7566346748669942
48,0.15393753079076608,1.3631753013531367,0.7638653430342675
49,0.1534080964823564,1.3671217089891434,0.7511460324128468
50,0.15344267564515274,1.367914813955625,0.7521586115161578
51,0.15387454854945343,1.3409010608990988,0.7570176017284393
52,0.15343353408078353,1.3427571368217468,0.7695123075445494
53,0.15315677163501581,1.33989398141702,0.7562659385800362
54,0.15441564338902633,1.3500929733117422,0.7657704544067383
55,0.15375292626519999,1.3419870064655939,0.7641912806034088
56,0.1536456654469172,1.346540461977323,0.7612330615520477
57,0.1536852241307497,1.3445451909303665,0.7634795086582502
58,0.15309217788279056,1.3282711738348008,0.7827692219614982
59,0.15392026608188947,1.349850026567777,0.7748118486007055
60,0.1540151374787092,1.3306596012910208,0.7701009475191434
61,0.15392521436015766,1.3416192130247753,0.7818960464994112
62,0.15355261489748956,1.3439114596446355,0.7683521819114685
63,0.15396631794671217,1.3240641713142396,0.7841877388954163
64,0.15494186441103616,1.3222975897789002,0.7986033831040065
65,0.1543367346872886,1.3283420312404632,0.7931858910123507
66,0.1541542856146892,1.3358641487360001,0.7909508893887202
67,0.1539203916490078,1.327929622332255,0.7999632761875788
68,0.15329691223800182,1.3184704796473186,0.8143271051843961
69,0.15294694781303406,1.340348729888598,0.7965338349342346
70,0.153832967877388,1.3163682850201925,0.8061500462889671
71,0.15472330150504907,1.338146926164627,0.795819416642189
72,0.1541509983688593,1.314977227250735,0.8207577501734098
73,0.1538185471544663,1.3323199109236399,0.8053750468293825
74,0.15436088499923548,1.3288545217116674,0.8084767265121142
75,0.15410618484020233,1.3278627681732178,0.8085309058427811
76,0.15444644344349703,1.3263404222329458,0.8126459649205208
77,0.1546848881493012,1.3366946542263032,0.78443447103103
78,0.153884080996116,1.3214231407642365,0.8052804852525394
79,0.15418003971378008,1.3390825404723485,0.7908332880338033
80,0.154429217800498,1.3344928103685378,0.7864316920439403
81,0.15399119436740874,1.329746624827385,0.7938324228922526
82,0.1542260252436002,1.3259019422531129,0.8016179203987122
83,0.15535094852248826,1.3306588306029639,0.8051973540584246
84,0.15666480752329032,1.331853747566541,0.7918603645761808
85,0.15619586604336896,1.3278110323349634,0.797318824827671
86,0.15603072114288807,1.3375266341368357,0.7975343399246534
87,0.1553184952835242,1.328922959367434,0.8025797146558762
88,0.1552773061643044,1.3493776778380075,0.779002985060215
89,0.1562202266852061,1.3462769494454065,0.7736502227187156
90,0.15589372490843137,1.354909871816635,0.7630903931458791
91,0.15597513236105442,1.3434312134981155,0.7730890394250551
92,0.15660937629640104,1.3347029221057891,0.7865185758471489
93,0.15534128678341708,1.3558883577585221,0.7717422011494637
94,0.15522683086494604,1.3514363497495652,0.7649644139409065
95,0.15622630740205448,1.3561823441584906,0.7606490560372671
96,0.1562482806791862,1.3424581654866536,0.7791206406553587
97,0.15612380941708884,1.3515474698940912,0.7671121644973755
98,0.1554362337042888,1.3579549300670624,0.7526994265119235
99,0.15501255549490453,1.3457427712281544,0.7563306078314781
100,0.15538911404709022,1.3591438748439153,0.7552263544003168
101,0.15625196240842343,1.3552800780534744,0.7558955668409666
102,0.15584374509751797,1.362925117611885,0.7456457694371541
103,0.1543901826441288,1.3636090407768886,0.7397551249464352
104,0.15421643209954103,1.3526792629559834,0.7495751772324244
105,0.15492423256238302,1.3541416939099629,0.7478882907827695
106,0.15462404089669388,1.3603270894289017,0.7547091484069824
107,0.15529774708052477,1.360004961291949,0.7448966651161512
108,0.15518960344294708,1.3602121168375014,0.7513591121633848
109,0.15382448494434356,1.361244301398595,0.746200419763724
110,0.1532956400513649,1.358267162044843,0.7452975468834241
111,0.1542010589192311,1.3581118681033453,0.748859977722168
112,0.1550117648144563,1.3618838675816853,0.7421466421087582
113,0.15402784737447897,1.358530092438062,0.7460687460501989
114,0.15338015173872313,1.3511158255736033,0.7571509071191151
115,0.1543209757655859,1.3685577513774236,0.7391771061221758
116,0.15513116086522738,1.3605050257841746,0.7403042978048324
117,0.15530252387126287,1.368454500834147,0.7356537086764972
118,0.15524081508318582,1.3730686446030935,0.7303005320827166
119,0.1554055710633596,1.3686110685269037,0.7281924191117287
120,0.15532273213068645,1.3622743111848832,0.7343830967942874
121,0.15477009497582914,1.3594019059340159,0.7392111581563949
122,0.1541793975730737,1.367203274567922,0.7370026388764381
123,0.15389299978812535,1.3705295606454213,0.7326435250043869
124,0.15394413761794568,1.363547248840332,0.7312644693255425
125,0.15380634762346745,1.3572521056731541,0.7443083376685778
126,0.15410104860862095,1.3592126095294952,0.7437306012709936
127,0.15428154662251473,1.3572961366176606,0.7494278844197592
128,0.15439012654125692,1.3689009267091752,0.7439630640546481
129,0.15399689803520838,1.3689939403533935,0.7317543204625447
130,0.15336156457662584,1.3614790884653727,0.7375660815834999
131,0.15316937496264776,1.3637465379635494,0.7412392709652583
132,0.15339522995054722,1.3685237646102906,0.7312345693508784
133,0.1538432285686334,1.3640571771065395,0.7316929175456365
134,0.1540478145579497,1.3692288132508597,0.7329492685198784
135,0.15398417256772517,1.367512285709381,0.7281797168652216
136,0.15384181454777718,1.361759215593338,0.7366551424066226
137,0.1538839340209961,1.3593255879481634,0.7379088047146797
138,0.15439611760278543,1.3584756686290105,0.7432112058003744
139,0.15388900736967723,1.3638329422473907,0.7471872855226199
140,0.15329390078783034,1.3645500389734904,0.7373952012260755
141,0.15308231132725875,1.3668730149666468,0.7422209159533183
142,0.15352009363472463,1.3652826130390168,0.7364950217803319
143,0.15342836101849874,1.3644654913743337,0.734651846686999
144,0.15334734504421552,1.3628472924232482,0.7366141844789187
145,0.15394180538753668,1.3599936058123907,0.7419188665350278
146,0.15392418247958026,1.357977601289749,0.7513009568055471
147,0.15394106432795523,1.3699392018715542,0.7397338184714317
148,0.15339050312836966,1.3598188334703445,0.7415960517525673
149,0.15411705935994785,1.366767208178838,0.7398465626438459
150,0.1543062869956096,1.3654602032899856,0.738627501030763
151,0.15430666238069535,1.3745751855770747,0.7170292795697848
152,0.1536753299832344,1.3663946000734966,0.7290517506996791
153,0.15384043388068677,1.363044448097547,0.7349934898813566
154,0.15367616732915243,1.3664263490835826,0.7346664967139562
155,0.15383662340541682,1.3670559102296829,0.7330386811494827
156,0.15355475870271523,1.3616255601247151,0.7325814914703369
157,0.15339208150903383,1.3682561308145522,0.7351143543918928
158,0.15324036918580533,1.3706578342119853,0.7293385416269302
159,0.1532796627531449,1.3676141178607941,0.730104981859525
160,0.15342294303079446,1.363888647754987,0.7351064190268517
161,0.15395994375149408,1.370717480580012,0.7290477325518926
162,0.15392414584755898,1.3753591314951579,0.7228722506761551
163,0.15380394361913205,1.3750868688027065,0.7176818320155144
164,0.15318359640737375,1.3775778979063034,0.7178861577312151
165,0.15312481192251046,1.375106807947159,0.7125794892509778
166,0.1531545640776555,1.3685839939117432,0.7269907815257708
167,0.15348120597501597,1.3716634718577068,0.7260039163629214
168,0.15354320170978705,1.3732442593574523,0.7234354284405708
169,0.1536543004711469,1.3707885845502217,0.7198425646622976
170,0.15325325692693392,1.3653202416499455,0.7289604040980339
171,0.15317681478957335,1.3678684755166373,0.7279953690369924
172,0.15329807713627816,1.3692105038960776,0.7301611026128133
173,0.15290891063710055,1.3633884316682816,0.7317922505736351
174,0.15284633514781792,1.3719027829170227,0.7311914460857709
175,0.15271515473723413,1.3763962028423946,0.7188992263873418
176,0.15274253919720648,1.373302116195361,0.7152896362543106
177,0.15271837428212165,1.3680760679642359,0.725354540348053
178,0.1530618874480327,1.3678012861808142,0.7259843274950981
179,0.15306376871963343,1.3699125756820043,0.7284648890296618
180,0.15288976075748603,1.3674082134167354,0.7339023152987162
181,0.1529656845331192,1.3768304763237635,0.7205916119615237
182,0.1532027683407068,1.3770154045025507,0.712705697019895
183,0.15338712712128957,1.3755099234978359,0.721531733473142
184,0.1534655498713255,1.3758791532119115,0.7157660374045371
185,0.15314835719764233,1.3745822701851527,0.7177953692277272
186,0.1524171864738067,1.3754137935241064,0.7216935102144877
187,0.15254734575748444,1.3717204465468724,0.7198670370380084
188,0.15308354896803697,1.3768382968505224,0.7202429461479187
189,0.15277835085988045,1.3735712480545044,0.7209178059299787
190,0.1521494028220574,1.37581307888031,0.7171124003330867
191,0.15214189015328883,1.3705077350139618,0.7203783445556958
192,0.15224817809959254,1.370981071392695,0.7248042919238409
193,0.1521341339747111,1.3695907839139303,0.7263087872664133
194,0.1521529345214367,1.374789790113767,0.7174324044585227
195,0.15192570053040982,1.3681347080071766,0.7266866342226664
196,0.15214248292148114,1.367179460922877,0.7312231437365214
197,0.15239886534710725,1.371152897278468,0.7248737783233324
198,0.1522941593825817,1.3669295513629913,0.7300239094098409
199,0.15275170075396696,1.3694691715637843,0.7271261606613795
200,0.15270052614311377,1.3679891800880433,0.7269612204035123
201,0.15218566566705705,1.370597354968389,0.7317986139655113
202,0.15254126275579136,1.3692128177483875,0.7236154401302337
203,0.15280675624807677,1.3662439634402592,0.7387854436039925
204,0.1527701825151841,1.3718451472123463,0.72648398766915
205,0.1524631625165542,1.3721606904268264,0.7237058233221372
206,0.15212612743179002,1.37156001329422,0.7267219511667887
207,0.1523928550382455,1.3720896146694819,0.7209601015845934
208,0.15197024365266165,1.3683941384156546,0.7227967735131582
209,0.15171164942284426,1.3718339000145594,0.7265108729402224
210,0.15202555323640504,1.3735463241736094,0.7230033469200134
211,0.15147839561104776,1.3749360223611196,0.7231233755747477
212,0.15194413046042124,1.373659739891688,0.7206917909781138
213,0.15235190401474635,1.372257046898206,0.7251512275139491
214,0.15240617640316487,1.3747069219748178,0.7206470403075218
215,0.15224341213703155,1.3762636385361353,0.7199077539642652
216,0.1523367358247439,1.3758218572537104,0.7119192185004553
217,0.1519705017407735,1.373295850555102,0.7175510720411936
218,0.15205122622350853,1.3756796087821324,0.7174356042345365
219,0.15249262449642023,1.3751028122504552,0.7202037486433983
220,0.15297403621176878,1.3760806862513224,0.712775282561779
221,0.1521086438993613,1.3749396497011184,0.7169882092873255
222,0.15204791282614072,1.3747088825702667,0.7197232139110565
223,0.1518610847989718,1.376053449511528,0.7152224779129028
224,0.15202131283779938,1.3714853209257125,0.7179152257243793
225,0.1522762313236793,1.3741811537742614,0.7184625805417697
226,0.15184838404258091,1.372354420820872,0.7205911634365717
227,0.15205708985527355,1.3694577244917552,0.7274886474013329
228,0.1516572939356168,1.3723441871007283,0.7222791801889737
229,0.15177895488838355,1.3768860638141631,0.7200680301586787
230,0.15198273623983066,1.3808182110389073,0.7129786289731661
231,0.15196908215681712,1.377795810898145,0.7097419981161753
232,0.1517264625430107,1.3782751776774724,0.7129388539989789
233,0.15165315220753353,1.3790323863426843,0.7097248049577077
234,0.15180436231195926,1.3776370060443879,0.7077652660012245
235,0.15151087117691836,1.3725560170412063,0.7172188314795495
236,0.15105768432219824,1.3725231866041818,0.7203551803032557
237,0.15128103792667388,1.3751699723800024,0.7187221338351567
238,0.15169486838082472,1.3786866132418314,0.7159904934962591
239,0.15120806083083152,1.376379338502884,0.7150335112214088
240,0.15079138341049353,1.3728618413209914,0.7151828131079674
241,0.15079153110583624,1.3712381631135941,0.7200630982716878
242,0.15109488104780516,1.3763922717173893,0.7193369437257449
243,0.1509270676970482,1.378507191936175,0.7106182154019673
244,0.15141577067474524,1.3791948962211609,0.706192256907622
245,0.1515264848122994,1.3749909712870916,0.7179300247629483
246,0.15237324975430966,1.3750933827956517,0.714550974369049
247,0.1520616332689921,1.3761065953969955,0.7178886079788208
248,0.15202115026613078,1.380925967892011,0.711525668501854
249,0.15188599318265916,1.3784857644637425,0.7098320933183034
250,0.1518913063655297,1.3765373680988948,0.7126471854249636
251,0.15208329791824024,1.377782137989998,0.7159944107135137
252,0.15197852457563082,1.3738778191804886,0.714805302421252
253,0.152263203561306,1.374308274189631,0.7167737099528313
254,0.15178523217638334,1.3773780671755473,0.7090749487280845
255,0.15202095121145248,1.3775099962949753,0.712470982670784
256,0.15184662441412608,1.373621264497439,0.7155503928661346
257,0.15157755812009174,1.3738425944248835,0.7177225377162297
258,0.15163349941372872,1.3767465794086455,0.7145058932900429
259,0.15149681543310484,1.378199260632197,0.7134226259589195
260,0.1513461507608493,1.3799520055452983,0.7068900540471077
261,0.15106376419464748,1.3770857365926106,0.7149924206733703
262,0.15069839412967365,1.3745616362492243,0.7181384094556172
263,0.1507944815605879,1.374752723177274,0.7156593597928683
264,0.15106640927493573,1.3709027137358982,0.7178072323401768
265,0.15133903662363687,1.3753271327416101,0.7206140388051668
266,0.15120082040627797,1.3764074079195658,0.7161554389198621
267,0.15118429370224476,1.3735718085368473,0.7177880480885506
268,0.15125032568971317,1.3681986437241236,0.7210737808545431
269,0.1513285497079293,1.377611783941587,0.7171570359667142
270,0.15108732243378958,1.37788953324159,0.7129957526922226
271,0.15115460390845933,1.3768613161643346,0.7153146842122078
272,0.15075788324077924,1.3738306578000385,0.716964617272218
273,0.15057601186136405,1.3759800644715627,0.7189828188220659
274,0.15064344709118208,1.3734785664081572,0.7174428574244182
275,0.15090045422315598,1.376892788807551,0.7174996530016263
276,0.15078150590260825,1.3764095286528268,0.7123249053955079
277,0.15084708258509635,1.3730690296490986,0.7186860377589862
278,0.15101588189601897,1.3738279563188553,0.721204903225104
279,0.15082585848867894,1.3766284986337025,0.716365049580733
280,0.15060923866927622,1.3753707387049994,0.7162276730934779
281,0.15083589966098468,1.3784536860386531,0.7142811274528503
282,0.15092396274209022,1.376337396701177,0.7146018408735593
283,0.15068306806186835,1.3753958229223888,0.7156518882513047
284,0.15063692341248194,1.3750728128353755,0.7148308036724726
285,0.15071083443860214,1.373720832268397,0.7165501093864441
286,0.15077585861086845,1.3771672556797663,0.7164847683906556
287,0.15057757439712682,1.3794376452763875,0.7130948842565219
288,0.1503711438924074,1.3752186461289724,0.7156069560845693
289,0.15068300642073154,1.380773779551188,0.7112392989794413
290,0.1507063699265321,1.3765898336966833,0.7125406996409098
291,0.1510578619192044,1.3781296277046204,0.715695593158404
292,0.1515273670355479,1.3789655607938767,0.7113427585363388
293,0.15183455059925716,1.37797483086586,0.712387471695741
294,0.15191263511776923,1.377140063047409,0.7107320562998454
295,0.1513933802396059,1.3780288217465082,0.7094625642895699
296,0.15088897243142127,1.379410160779953,0.7106910214821498
297,0.15044276704390844,1.3773483868439993,0.7122814397017161
298,0.1504564025004705,1.377359898686409,0.7094354050358137
299,0.15033799273272355,1.374647230108579,0.7158994710445404
300,0.15078322271505992,1.3735992695887884,0.7146022698283195
301,0.15077941976487635,1.3773499457041423,0.7165426433086395
302,0.15026426292955875,1.378636389573415,0.7129575172066689
303,0.15037222824990748,1.3808128207921981,0.7122690989573797
304,0.15033525663117567,1.3767768532037734,0.7133268160621326
305,0.15086542072395484,1.378463363647461,0.7082586129506429
306,0.15087056870261828,1.3810019203027089,0.7097903309265773
307,0.15075429956118266,1.377713828086853,0.7123717173933983
308,0.15051534151037535,1.3781924126545588,0.7097082263231278
309,0.1502353122830391,1.3797776504357655,0.7119782104094823
310,0.14999147586524486,1.3780360551675161,0.7111280025045077
311,0.149939106280605,1.37581146021684,0.7144755072395007
312,0.15037702488402527,1.376764010588328,0.7140644799669583
313,0.15061988145112992,1.3793042037884395,0.7098631439606349
314,0.1505718372265498,1.379358332157135,0.7118522233764331
315,0.1507021441558997,1.3801228932539622,0.7100585583845774
316,0.150438535263141,1.3809435298045476,0.709780166943868
317,0.150438234731555,1.3807996646563212,0.7074416134754816
318,0.15038083558281262,1.3799721817175548,0.703940492272377
319,0.15010502934455872,1.3789957016706467,0.7092977795004844
320,0.14986332145829995,1.3771880553166072,0.7109002850453059
321,0.1498868188758691,1.3777133699258168,0.7116937348246575
322,0.15003768722216287,1.3815932095050811,0.7064961168169975
323,0.14964086199800172,1.3773260535796483,0.7144749682148298
324,0.1501277419179678,1.378763901789983,0.7072470604379972
325,0.15002651115258533,1.3787448527415593,0.708229779501756
326,0.1498846506079038,1.381396433711052,0.7089781937996547
327,0.15008673178652923,1.3800995008150736,0.7026438172658285
328,0.15015014164149762,1.3802203784386318,0.7059444579482078
329,0.1502197148402532,1.3821738199392954,0.7042033851146698
330,0.15064934857189655,1.3822150645653406,0.7062330945332845
331,0.15017899649838606,1.3787697213888168,0.7073798746864001
332,0.1503628653784593,1.3770433469613392,0.7109016915162404
333,0.15002430895964305,1.3759633483489355,0.7102042547861735
334,0.15000859354933102,1.3792264401912688,0.710455856025219
335,0.14948871331910293,1.3826156234741211,0.7072570860385895
336,0.14919746048748495,1.3812826406955718,0.7057110963265101
337,0.14936756109197935,1.3800289022922516,0.7045997474590937
338,0.14929223626852037,1.3781503007809321,0.7110377567013105
339,0.14930830543239912,1.3757034891843796,0.7119823863108953
340,0.14947570189833642,1.3747527102629344,0.7179923038681348
341,0.1498576683551073,1.3813129045565924,0.706372491021951
342,0.15012291053930918,1.3805659568309785,0.7081841172774633
343,0.15000774758557478,1.3786002157131831,0.7123349175850551
344,0.1496866139024496,1.3796758739153545,0.7074551139275232
345,0.14995668339232604,1.3793442422151565,0.7098924783865611
346,0.15005599056680996,1.3797018961111704,0.7068916490674019
347,0.15001449624697366,1.378552947640419,0.7062537943323454
348,0.15006192781031133,1.3803146853049597,0.7070665746927262
349,0.14971347575386365,1.3788964474201202,0.70543076445659
350,0.14906804355482262,1.3806265411774317,0.710634080072244
351,0.14911381294329962,1.3814694005250931,0.7043704796830813
352,0.14935246301194033,1.380492483973503,0.708544744749864
353,0.14915158847967783,1.378590955932935,0.7113193657000859
354,0.14951080652574697,1.3810934070746104,0.7049372480312983
355,0.14901576116681098,1.3802469432353974,0.7095908677577972
356,0.14906070565183957,1.3798731807867686,0.7057801288366318
357,0.1496055976798137,1.3827159821987152,0.7056935383876165
358,0.1495164897789558,1.3808588101466497,0.7034662828842799
359,0.1494797383993864,1.3824377522865932,0.7006895681222279
360,0.14954292885959147,1.380456091562907,0.7055057457089424
361,0.14943274579942226,1.3818680133422216,0.7037396209438642
362,0.1491718632231156,1.3799750153223673,0.7060245330135028
363,0.14853329189121722,1.3794863800207773,0.7069760618607203
364,0.14873584017157554,1.3803753598531088,0.7061732225616772
365,0.14905470031003157,1.3808696778615315,0.706356386144956
366,0.1494206724812587,1.3810420618454615,0.7055115579565366
367,0.14945479296147823,1.379242438475291,0.7052287837862968
368,0.1492973335335652,1.378238729039828,0.707859735886256
369,0.14925464414060116,1.3794118318955104,0.7065769925713539
370,0.14961257336040337,1.381449869076411,0.709665797551473
371,0.14975911075870196,1.3814384067058563,0.707025906642278
372,0.14997502046326797,1.381212651928266,0.7054906644423803
373,0.1501614474505186,1.382963573137919,0.7030345565080642
374,0.14977253923813502,1.381143909096718,0.7036595700184504
375,0.14970345524450143,1.3807749424378077,0.704146000345548
376,0.14976071471969288,1.3806483050187428,0.7051639749606451
377,0.1490874732285738,1.3818137874205907,0.7042302132646243
378,0.14882754482328892,1.3811846286058427,0.7020341255267462
379,0.1490100872516632,1.3817716513077418,0.7051552583773931
380,0.1491745657970508,1.3792457922299703,0.706600702603658
381,0.14914383036394915,1.3808236908912659,0.7057532299558321
382,0.1492265585064888,1.3811407792568207,0.704999990661939
383,0.1494231879959504,1.3802903672059377,0.7077198276917139
384,0.14920054266850152,1.3816794570287068,0.7055999290943146
385,0.1483609486122926,1.3791973094145458,0.710145492553711
386,0.14803303142388663,1.378639823993047,0.7069355416297912
387,0.14785500332713128,1.37876522898674,0.7129918328921
388,0.14795759345094364,1.380808448791504,0.7080325435598691
389,0.14766073311368624,1.3789862447977066,0.7047263652086257
390,0.1483531604707241,1.379859362244606,0.7076324229439099
391,0.14839525356888772,1.3787764030694962,0.709274423122406
392,0.14846874088048934,1.377459815541903,0.7130836177865664
393,0.14858395787576834,1.37758680721124,0.7111783867081006
394,0.1482394328713417,1.3774221169948577,0.715080990990003
395,0.14859978924194972,1.3810023375352223,0.7112626989682516
396,0.14857811463375886,1.3819084173440934,0.707114950021108
397,0.1483043762544791,1.3798818363746008,0.7035189479589462
398,0.1484455486635367,1.379595051209132,0.7060391373435656
399,0.14785239246984322,1.3805362691481908,0.7043045091629029
400,0.14775981046259404,1.3816085126002629,0.7039134246110916
401,0.1476466468721628,1.3815136841932933,0.7046949499845505
402,0.14805582215388616,1.3810958961645763,0.7050666878620784
403,0.1475439653545618,1.3795671866337458,0.7039662493268649
404,0.14733257114887238,1.3802987070878348,0.7043367396791776
405,0.14758826717734336,1.3804933267831803,0.7060180919369062
406,0.14761358526845772,1.3801314838727314,0.7071378056208293
407,0.14796952510873476,1.380255635579427,0.7061305984854698
408,0.14753083763023217,1.37831777771314,0.7107150433460871
409,0.14725325621664523,1.379457368850708,0.7076121574640274
410,0.1472504858672619,1.3794614418347677,0.7087408684690794
411,0.1474213828643163,1.3793254176775613,0.7055753802259763
412,0.14772309944033624,1.3785781647761663,0.7107310459017754
413,0.14827520703275998,1.378218661348025,0.7095106273889542
414,0.14816119981308778,1.3790083607037862,0.7099335129062335
415,0.14789883186419805,1.3789824251333873,0.708493688305219
416,0.14777977767090003,1.3819105633099873,0.7078865461548169
417,0.14782815240323544,1.3820564279953638,0.704060415228208
418,0.147977198412021,1.3801732722918192,0.7053517359495163
419,0.14774131320416928,1.3800728048880895,0.7085479250550271
420,0.14791457074383896,1.3802911086877188,0.7052466793855031
421,0.14781566369036833,1.3796093052625655,0.7078326133886973
422,0.14777297399938105,1.3792232509454092,0.7111265781521797
423,0.14791490172346433,1.3810956223805746,0.7043105260531107
424,0.1478913075228532,1.382673111160596,0.7034880805015564
425,0.14828137390315532,1.3811166123549143,0.7057800530393918
426,0.1479167035718759,1.3817320481936137,0.7037015599012375
427,0.14781638346612452,1.3820952367782593,0.7058800630768141
428,0.1478868190695842,1.3805118058125179,0.7049449244141579
429,0.14771069263418515,1.3789208354552587,0.7083915982643764
430,0.14742526543637116,1.3797210679451624,0.7090712744990985
431,0.1473311688999335,1.3803465882937114,0.709056823849678
432,0.1469957943757375,1.3803208339214326,0.7085192282001177
433,0.14723322046299775,1.3808421874046326,0.7016313391923904
434,0.14706030239661536,1.379190032482147,0.7099798422058423
435,0.14732950071493783,1.3796625449260076,0.709728237092495
436,0.1473867616802454,1.379947723944982,0.7079331005613009
437,0.14718406145771346,1.3787795082728067,0.7104848545789718
438,0.14777127156654993,1.3804701741536458,0.7051889799038569
439,0.1483196273446083,1.380175190369288,0.709144756992658
440,0.14831994965672493,1.3814598826567333,0.704622915883859
441,0.1480504824221134,1.3794064976771672,0.7063024421532949
442,0.14865053740640483,1.3785549314816792,0.7061119911074638
443,0.14823807862897714,1.3802532821893692,0.7093211025993029
444,0.1482276576012373,1.3802253754933675,0.7092230381568273
445,0.14811679035425185,1.3808343398571015,0.7067153855164846
446,0.14846665071944395,1.381119007865588,0.7063402850429217
447,0.14807771873970826,1.380874382853508,0.7075791568557421
448,0.14756701312959195,1.3799681240320205,0.7100490900874138
449,0.14740514586369197,1.382706829706828,0.7042277605334918
450,0.14718110928932826,1.3827934273084004,0.700658645828565
451,0.1467181250701348,1.3809141544500987,0.702917157014211
452,0.1464859291166067,1.3812138450145721,0.7042916288971901
453,0.14607975182433924,1.3811077640453975,0.7025702038407325
454,0.14595002333323162,1.3796941886345546,0.706146298845609
455,0.14570458235840003,1.3798116201162338,0.7085591077804565
456,0.14688436985015868,1.3813506074746449,0.7065213655432065
457,0.14703473436335723,1.3794056091705957,0.7081723618507385
458,0.14715183081726232,1.379861867427826,0.7110667885343234
459,0.1478043725838264,1.38085520029068,0.7065890580415726
460,0.14722473459939162,1.379400742650032,0.7090069101254145
461,0.14666442280014355,1.378809497753779,0.7071976864337921
462,0.1465173048277696,1.3796336513757705,0.706934656004111
463,0.14669595624009768,1.3804389909903207,0.7057999162872632
464,0.14639659178753694,1.3811781934897105,0.7064317906896274
465,0.14651349273820718,1.3810927319526671,0.7041127397616704
466,0.14669157609343528,1.3808817438284555,0.7031613700588544
467,0.1471425740669171,1.3821494883298875,0.7039375874400139
468,0.1467823802679777,1.3792555540800095,0.7051938504974047
469,0.14658666737377643,1.3796537005901337,0.7051373837391536
470,0.1466138925900062,1.3803239919741948,0.7059816608826319
471,0.14627402924001218,1.379281936486562,0.7073494516809782
472,0.14671150428553423,1.37990462799867,0.7090747127930324
473,0.14651985821624597,1.3789053920904795,0.7075133421023687
474,0.1470372130473455,1.3792171728610993,0.7107448236147562
475,0.14731044304867585,1.3790764194726943,0.7103491883476575
476,0.1471057285865148,1.3780626541376113,0.7086352894703547
477,0.14684050100545087,1.3792133206129074,0.7099834595123927
478,0.14650033970673879,1.3797522995869318,0.7068716034293174
479,0.14660041667521,1.3806052990754445,0.7089284016688665
480,0.14647688128054143,1.381689061919848,0.7040721174081167
481,0.14657076669236024,1.38031902551651,0.7066460929314295
482,0.14737465910613537,1.3797809759775796,0.7067929317553838
483,0.14731869488954544,1.3803858121236166,0.7049504380424817
484,0.1473709602902333,1.3802483014265696,0.7057377909620602
485,0.14774766378104687,1.381557565132777,0.7048714337746302
486,0.1475368409852187,1.3811839745442072,0.707669668495655
487,0.14731155703465143,1.3803985557953518,0.7066782316565514
488,0.14739574720462165,1.3819022484620411,0.703875178694725
489,0.14665551895896595,1.3799368717273077,0.7059621765216192
490,0.1464436462521553,1.3800235521793365,0.7051788999636968
491,0.14598473819593588,1.3796806635459264,0.7080704835057259
492,0.14575099796056748,1.3822204762697219,0.7082713880141576
493,0.14514001530905565,1.3807699384291967,0.7046920538942019
494,0.14492514443894228,1.379455107251803,0.7079460288087527
495,0.1451735466470321,1.379832535982132,0.7060487121343613
496,0.1453577194362879,1.3799596752723058,0.7065645769238472
497,0.14558203468720118,1.3808897660175958,0.7053406681617101
498,0.14623625097175438,1.3805206324656805,0.7054400070508321
499,0.1461213742941618,1.380595844189326,0.7047304253776868
500,0.14639024150868257,1.3812507154544194,0.7018175097306569
501,0.14625502116978167,1.3823596342404683,0.7036700244744619
502,0.1461374928553899,1.3809537200133006,0.7026741899053256
503,0.1467617196093003,1.3800747233629227,0.7030418941378593
504,0.14673138596117496,1.3794292438030242,0.7112559161583583
505,0.14620343866447608,1.3805929559469223,0.7071179225047429
506,0.1457104087372621,1.3802678386370342,0.7072251469890276
507,0.14589538844923178,1.3795965911944708,0.705970151424408
508,0.14601270139217376,1.3803735385338465,0.7076160737872124
509,0.1460873086253802,1.381245901385943,0.7042514092723529
510,0.14625845670700074,1.3825178984800974,0.7064436118801435
511,0.14655458934605123,1.3823958158493042,0.7011938287814459
512,0.14638548312087854,1.382199004292488,0.7021858031551044
513,0.14655989805857342,1.382431271870931,0.7036766196290652
514,0.1463594967375199,1.3822267001867294,0.7048004872600238
515,0.1460976065446933,1.38091500043869,0.7050433461864789
516,0.14575423181056976,1.3800937805573146,0.7037702446182569
517,0.14540290931860606,1.3812721832593282,0.7074075996875763
518,0.14481679106752077,1.3797826838493348,0.7060385639468829
519,0.14535102414588133,1.3806552493572235,0.7058393446604411
520,0.14530729298790296,1.3800885957479476,0.7088010654846827
521,0.145293905561169,1.381467563311259,0.7059279574950537
522,0.14568923071026801,1.381314832965533,0.7041260613997777
523,0.14542682076493899,1.382118923664093,0.7046431074539821
524,0.14578282711406548,1.3807542989651362,0.7018200717369716
525,0.1456064039717118,1.3808625807364783,0.7033204519748688
526,0.14540853192408879,1.3809815579652787,0.7046070105830828
527,0.14566750951111318,1.3810975535710652,0.7050557841857275
528,0.14561668815712134,1.3818310783306758,0.7058962657054265
529,0.14590855958561103,1.3818711217244466,0.702107352912426
530,0.14604849475125473,1.3815038979053498,0.7022464657823245
531,0.14574039148787657,1.3816278837124507,0.7035041843851407
532,0.14596602760255337,1.3811519285043081,0.7026227973898251
533,0.1461100342621406,1.3816685980558396,0.7036929512023926
534,0.14585426717996597,1.3814973811308542,0.7075692335764567
535,0.14586250193417072,1.3804998115698497,0.7068898113568624
536,0.1457730736831824,1.3813117879629135,0.7072384923696518
537,0.145649400105079,1.3819757179419199,0.7043949982523918
538,0.14525016280512015,1.3811810678243637,0.7075601382056872
539,0.14492402389645576,1.3812428351243338,0.7026228913664818
540,0.14485778282086054,1.380002100467682,0.7071207794547081
541,0.1449932614217202,1.379996789097786,0.707638281683127
542,0.14468842918674152,1.3808534789085387,0.7043007422486941
543,0.144339584633708,1.3805227770407995,0.7045426443219185
544,0.14446841076016426,1.3815540834267934,0.7043594940503438
545,0.14408041581511496,1.3812699580192567,0.7061825531721115
546,0.1442167463650306,1.3811670833826064,0.7030963646372159
547,0.14443579877416293,1.380243171453476,0.7056508188446363
548,0.14460871095458666,1.3804871000846226,0.7045225403706232
549,0.14470201854904494,1.3805410385131835,0.707021707991759
550,0.1445028422276179,1.380776271224022,0.7029545166095098
551,0.14480259229739506,1.3821634193261465,0.7037316254774729
552,0.14498917914927006,1.3807842787106832,0.7046762776374816
553,0.14499110052982966,1.3821354691187542,0.7042614834507307
554,0.1455362354964018,1.3817302890618641,0.7036139515042305
555,0.14598217219114304,1.3822397979100545,0.7047042056918145
556,0.14535323396325112,1.3817817878723144,0.7030799447496732
557,0.14497761172552903,1.3821231172482173,0.7007178695996602
558,0.145090918391943,1.3828918103377024,0.7043669967850049
559,0.14435046039521693,1.381817599137624,0.7039520215988159
560,0.14439015152553716,1.3810291681687037,0.7053747770190238
561,0.14386918706198534,1.3811611670255661,0.7044975546995799
562,0.14383093290030957,1.3808330714702606,0.7040922073523204
563,0.1439880835513274,1.3811970482269922,0.7065105003118515
564,0.1442230372875929,1.3809494429826736,0.7053207341829936
565,0.14394022578994434,1.3805303692817688,0.7072522328297297
566,0.1442120389888684,1.3814860999584198,0.7050783816973368
567,0.1440652600179116,1.3813641985257468,0.705239939391613
568,0.1445872104416291,1.3817814246813456,0.7032986268401146
569,0.14458075600365797,1.3812022707859675,0.7044814094901085
570,0.1446505274871985,1.381052753527959,0.7072552928328514
571,0.14446206596990427,1.3820408684015275,0.7029423119624456
572,0.1438149679452181,1.381312902768453,0.7037049250801405
573,0.14379215297599635,1.381752080519994,0.7034138216574987
574,0.14351149837176005,1.3812695308526357,0.7047383376955986
575,0.14350690749784312,1.3805052940050762,0.7036093164483707
576,0.14355551893512408,1.3809066168467203,0.7034314378102621
577,0.143423832654953,1.3803293371200562,0.7063860397537549
578,0.14383468369642893,1.3819085431098939,0.705513227880001
579,0.1437490731974443,1.3799057457844417,0.7054965509970983
580,0.14401044006148975,1.380734555721283,0.7037454301118851
581,0.14392946638166904,1.3806472138563792,0.7054700842499733
582,0.14390521426995595,1.381476607322693,0.7069679702321688
583,0.14396915977199873,1.3809557102123897,0.7043606413404147
584,0.14404896127680938,1.3800401127338409,0.7063498412569363
585,0.14416609155635038,1.3804105136791864,0.7057768190900485
586,0.1437605086962382,1.3809260753790538,0.7032273415724436
587,0.1437337706486384,1.3814026844501495,0.7058075425028801
588,0.14362992274264494,1.3813554253180822,0.705683797399203
589,0.14298976257443427,1.381115270058314,0.7041717495520909
590,0.14303838898738225,1.3812087013324101,0.7052612485488255
591,0.14355710099140803,1.3810348498821259,0.7042208898067475
592,0.14347662848730883,1.3803519688049952,0.7073784392078718
593,0.1438783981402715,1.381252987186114,0.7069675358136495
594,0.14405658793946108,1.381974582274755,0.7021613333622615
595,0.14451782509684563,1.3821461317936579,0.7049776177604993
596,0.1441665541380644,1.3821019061406454,0.7035167866945267
597,0.14415099357565245,1.3803736527760824,0.7055287786324819
598,0.14401611889402072,1.3815736315647762,0.7048358854651451
599,0.14404244522253673,1.3812766947348913,0.7052727114160856
600,0.14368920534849167,1.3813665652275084,0.7041201492150625
601,0.14361435875296594,1.382247614065806,0.7042654310663541
602,0.1440649322172006,1.3829328620433807,0.7009302473068237
603,0.14397493571043016,1.3822628211975099,0.7045717031757037
604,0.1439193980395794,1.3817391151189804,0.7042848452925682
605,0.14426773585379124,1.382658715248108,0.7032556587457657
606,0.1438696663826704,1.3824325493971508,0.7021035516262054
607,0.14431779774526754,1.382792653242747,0.7020209427674612
608,0.1441807519396146,1.3828017117579778,0.7045716874798139
609,0.1442343842734893,1.3817724881569544,0.7035985550284386
610,0.14422060107191403,1.38198630909125,0.7019235496719678
611,0.14409009106457232,1.380931972662608,0.7022103118896484
612,0.14406356280048688,1.3805681125322977,0.7032441108425458
613,0.14415889007349808,1.3817231702804564,0.7019401665528615
614,0.14450727738440036,1.3817386702696481,0.7020058129231135
615,0.14394317023456096,1.3817589356501898,0.7031033024191856
616,0.1438452374190092,1.3830653991301853,0.7016498031218846
617,0.1438843439767758,1.383013378381729,0.6998218398292859
618,0.14400877580046653,1.3822598932186763,0.7036086732149124
619,0.14371026736994585,1.381455072959264,0.7001889388759931
620,0.1432403666774432,1.381270092924436,0.7059913951158524
621,0.14341832496225834,1.3820741021633147,0.7005351040760676
622,0.14373033995429674,1.3816491136948268,0.704098124106725
623,0.1434520656367143,1.3813094319899877,0.7025444820523262
624,0.14338186137378217,1.3820859013001123,0.7068258609374364
625,0.14343080567816893,1.3810491053263347,0.7030722949902216
626,0.14345434886713823,1.3816751303275425,0.7047366237640381
627,0.14333508421977362,1.381595275402069,0.7044276249408722
628,0.1432770351320505,1.3815850092967352,0.7047524672746658
629,0.14319251482685408,1.3809480160474776,0.7059861594438552
630,0.14335705538590748,1.3825303949912389,0.7031682801246643
631,0.1437325959155957,1.383440737724304,0.7013620860377947
632,0.14371330539385477,1.3825097968180975,0.7021402762333552
633,0.14394763929148516,1.382580855488777,0.7001267899076143
634,0.14382908046245574,1.3824211500088375,0.7006241353352864
635,0.14408847684661547,1.381792091925939,0.7031565692027409
636,0.1440536546210448,1.3818530362844468,0.701464264690876
637,0.1431971152871847,1.3817755715052287,0.7032331869999567
638,0.1430996363858382,1.3824935879309972,0.7019864869117737
639,0.14314391978085042,1.3819843701521555,0.7040406972169876
640,0.1435291809340318,1.3821756746371587,0.7018130350112916
641,0.14325563902656238,1.381087103287379,0.7039702315131823
642,0.14347599789500237,1.3815180643399556,0.7038381616274516
643,0.14358607071141402,1.3814654390017191,0.7026569321751595
644,0.1439256741851568,1.3817820916573207,0.7033296945691109
645,0.1435394726196925,1.3807605900367101,0.7043129947781562
646,0.1436886681864659,1.3810958919922511,0.7035993786652883
647,0.1440905631085237,1.3819092188278834,0.7064725843071937
648,0.14411657276252907,1.380820585489273,0.7045938907066981
649,0.14361821922163168,1.3819447340567907,0.7013695410887401
650,0.1435059457272291,1.3824584205945334,0.7053338370720545
651,0.14337193061908085,1.3828136656681698,0.7017925136288007
652,0.14345619981487592,1.3827810357014338,0.7037755898634592
653,0.14315390358368554,1.3824692746003469,0.7029283804694811
654,0.14317811657985052,1.3812372893095017,0.7048826069633166
655,0.14322856155534586,1.3813391888141633,0.7039813053607941
656,0.1433352577437957,1.3818806068102518,0.7032583551605542
657,0.1434974045306444,1.3821594017744063,0.7032694550355275
658,0.143299043700099,1.3825540057818095,0.7005607149998347
659,0.14355856771270434,1.3826456042130788,0.7010113942623138
660,0.14314370488127073,1.3823510581254959,0.7021046364307404
661,0.14311424096425374,1.3807736047108967,0.7026582340399424
662,0.1433393099407355,1.3821236602465312,0.7038013411561648
663,0.1430690259238084,1.3812621796131135,0.702170370121797
664,0.14284847815831503,1.3820339425404866,0.7043299711743991
665,0.1428278364489476,1.3819008133808772,0.7051824555794398
666,0.14280860664943854,1.3817570286989211,0.7039876093467077
667,0.1430630255987247,1.3820777251323064,0.7055648596088091
668,0.1431434495995442,1.381585325996081,0.7022004466255506
669,0.14321764233211676,1.3827213728427887,0.7034347619613012
670,0.14309784792363645,1.3820478347937266,0.7014894932508469
671,0.14307642757892608,1.3819655966758728,0.7047733012835184
672,0.1428541516015927,1.3814879214763642,0.7027500313520432
673,0.14296573323508105,1.3818458183606466,0.7021498448650042
674,0.14244800907870134,1.3820417565107346,0.7042634610335032
675,0.1420677268753449,1.3820471157630285,0.7023956906795502
676,0.141822963381807,1.3816285332043965,0.7035217236479123
677,0.14165111077328524,1.3820628356933593,0.7039599021275839
678,0.14216294733186563,1.3826328255732854,0.7027927525838216
679,0.14199333282808463,1.3814320544401804,0.7029220045606295
680,0.14211070023477076,1.3810482931137085,0.7040367074807485
681,0.14237774449090163,1.3814011871814729,0.7054987395803134
682,0.142380622724692,1.3809801012277603,0.7040113047758738
683,0.1428880673646927,1.3823754022518793,0.7039566716551781
684,0.14305977081259091,1.3830480281511943,0.7031912225484848
685,0.1429859768350919,1.3821189179023108,0.7009525686502457
686,0.14256150705118975,1.3821357528368632,0.7022408474485079
687,0.14251202454169593,1.3816334142287572,0.7016969844698906
688,0.14203945601979892,1.3819508389631907,0.7029830209414164
689,0.1423996265232563,1.3819605495532354,0.7025706403454145
690,0.14216750239332518,1.3819253567854564,0.7006697064638138
691,0.1420358390857776,1.3817940147717793,0.7026875146230062
692,0.14240937948226928,1.3825794609387716,0.7029403098424276
693,0.14204406621555488,1.3818479778369268,0.7007225586970647
694,0.1423861707250277,1.381516135931015,0.7033955054481824
695,0.14268108087281386,1.3819659777482352,0.7046110943953197
696,0.14264143054684003,1.3825448026259741,0.7018071740865708
697,0.1426567688335975,1.3826944816112519,0.7048219107588132
698,0.14251515947282314,1.3826009915272395,0.7013844800988833
699,0.14196408465504645,1.3823757123947145,0.7041204126675924
700,0.14193895320097605,1.3819141912460327,0.7039167812466621
701,0.14169225320219994,1.3818406397104264,0.7032765879233678
702,0.14171651139855385,1.3814941056569416,0.7035568092266719
703,0.1416363551467657,1.3808581697940827,0.7031739566723506
704,0.14180634399255118,1.3811112453540166,0.7036646352211634
705,0.1416302349170049,1.3801787610848744,0.7027680552999178
706,0.1412658624102672,1.3816891129811604,0.7039372450113297
707,0.14139299797515073,1.3810232230027517,0.704960672557354
708,0.14180738945802052,1.3814471975962321,0.7046649499734243
709,0.14148278996348382,1.3810180159409842,0.704508346815904
710,0.14152316634853682,1.380463166832924,0.7039582072695096
711,0.14175156513849893,1.3816711393992107,0.7037618894378345
712,0.14178872672220072,1.3828726448615392,0.7039539888501167
713,0.1419183139751355,1.3820593428611756,0.7033794127901395
714,0.14133340482910475,1.381043689052264,0.7031899398565292
715,0.14160192926724752,1.3811923019091288,0.702817843457063
716,0.14169297779599827,1.3823415219783783,0.7032059340675672
717,0.14133185935517154,1.381371264855067,0.7015133821964263
718,0.1414003867904345,1.3826262178023656,0.7026656973361969
719,0.1413567815721035,1.381390902598699,0.7024621699253718
720,0.1410628679394722,1.3811833810806275,0.7033242385586103
721,0.1411342576642831,1.3807989470163982,0.7046972754597663
722,0.14128851229945819,1.3804366612434387,0.7041103099783261
723,0.14188154396911462,1.3820780193805695,0.7050055220723153
724,0.14153435063858827,1.3811277359724046,0.7012267055114111
725,0.14194280348718166,1.3813401174545288,0.7063479067881903
726,0.141674707531929,1.3812707042694092,0.7046146023273469
727,0.14159260623157024,1.3820000620683035,0.7049521922071775
728,0.14134553452332815,1.3822644740343093,0.7019948874910672
729,0.14131879784166812,1.382146076162656,0.7040239761273066
730,0.14161320159832635,1.3823391715685527,0.7050711181759834
731,0.14182221790154775,1.3823353203137716,0.702025705575943
732,0.14213055138786634,1.383537115653356,0.7016293689608574
733,0.141514793386062,1.3818995606899263,0.7013447450598082
734,0.14101884918908278,1.3813605779409408,0.7031280427177747
735,0.14126255800326665,1.3814904604355494,0.7029444980621338
736,0.14097562715411185,1.381711304585139,0.702237018942833
737,0.1406947407623132,1.3816651395956676,0.7039536759257317
738,0.14073442911108336,1.3820448120435078,0.7016692027449608
739,0.14060494827727477,1.381725138624509,0.7032914059360822
740,0.14086597303549447,1.3819750767946244,0.7039951226115226
741,0.1410572517166535,1.3824636554718017,0.7007880473136902
742,0.14143649399280547,1.383255944053332,0.7030414313077926
743,0.14123828726510207,1.3826673394441604,0.7016475664575895
744,0.1413785956799984,1.3825779048601787,0.7036383012930553
745,0.14109202278157076,1.3820246203740438,0.7032766347130139
746,0.14130145852764447,1.3818080806732178,0.7027512193719546
747,0.1413370028634866,1.3820301433404287,0.7025706200798353
748,0.1412640303124984,1.3817865747213363,0.7034916512171427
749,0.14136889924605686,1.3820660203695296,0.7017652317881584
750,0.1412049313634634,1.3815168486038845,0.7034498489896457
751,0.1410998109728098,1.38227082212766,0.70416600416104
752,0.14073846352597078,1.3804192624489466,0.7027955873807271
753,0.14097075313329696,1.380537207921346,0.7062673988938332
754,0.14070269713799158,1.3809243758519492,0.7036223433415095
755,0.1408708012352387,1.3816813365618388,0.7043424905339877
756,0.1410386409362157,1.3819465565681457,0.7028525024652481
757,0.1411361730347077,1.3818486799796423,0.704797094464302
758,0.14114500833054383,1.3822218507528305,0.7016486831506094
759,0.14105052871008714,1.3818853481610616,0.7038483639558156
760,0.14089224653939406,1.3806595587730408,0.7056212878227234
761,0.14120500954488913,1.3817553273836771,0.7030228698253631
762,0.14126674498120945,1.382254810531934,0.7027412116527557
763,0.14111624461909136,1.3816140999396642,0.7052380580703418
764,0.14127049326896668,1.381134568452835,0.7025115169088045
765,0.14106027757128078,1.3819199627637864,0.7054046740134557
766,0.14114605183402698,1.3805598427851995,0.7035346791148186
767,0.1414336697757244,1.3815907470385234,0.7059142703811327
768,0.14113691625495753,1.3821159134308496,0.7029726847012838
769,0.14110498468081156,1.3821381344397863,0.7023386244972547
770,0.1410254923005899,1.381126330892245,0.7032774652043978
771,0.141159826045235,1.3822835087776184,0.7024838442603747
772,0.14099399579068025,1.3819454876581827,0.7048890387018522
773,0.14100051624079546,1.3823897629976272,0.703677709599336
774,0.14103180346389613,1.382546808719635,0.7029209769765536
775,0.14119313585261503,1.3832142362991968,0.7047899018724759
776,0.14070239993433156,1.3819756438334783,0.7011244559288025
777,0.14077903176347414,1.381997087399165,0.7022315097848574
778,0.14094043185313543,1.3821096873283387,0.7021986411015193
779,0.14071616838375728,1.3819447390238444,0.7036926946043969
780,0.14068676322698592,1.381962749361992,0.7020528135697047
781,0.140429469520847,1.3817858656247457,0.7019071470697721
782,0.14051112363735835,1.381841978232066,0.7031513498226801
783,0.14021894959112008,1.3820983785390855,0.7031389304002126
784,0.14045320900777974,1.381155256430308,0.7023402322332064
785,0.14035510177413624,1.3818895874420802,0.7040555141369502
786,0.1406819539765517,1.381603398124377,0.7042249339818955
787,0.14059692611296973,1.382666077017784,0.7022215468684833
788,0.1405727782100439,1.381760964592298,0.7026056708892187
789,0.14081729526321093,1.381834785938263,0.7044686592618624
790,0.14033877074718476,1.3813558123509089,0.7045514518022538
791,0.14021548680961132,1.38255197763443,0.7022958826025327
792,0.14058498986065388,1.3820173815886179,0.7027553626894951
793,0.14049739750723045,1.3814954906702042,0.7027386856079102
794,0.14061530036230882,1.3825776882966359,0.7052719322840373
795,0.14037050860623518,1.3813824319839478,0.7037567997972171
796,0.14081268315513928,1.3819872923692067,0.7014294130603472
797,0.14032267401615778,1.3811694969733557,0.704817192753156
798,0.14030531416336695,1.3809651656945547,0.7036277034878731
799,0.14086894055207572,1.3820115578174592,0.7059615883231163
800,0.14055251042048136,1.3822173184156419,0.703127321600914
801,0.1407273049155871,1.3815262134869892,0.705069836874803
802,0.14076433005432287,1.3813096863031387,0.7048244402805964
803,0.1404518563548724,1.3824841568867365,0.701994005938371
804,0.14050447205702463,1.3822029286623,0.7029935432473818
805,0.14035336561501027,1.3813061153888702,0.7060067826509475
806,0.14084121329089005,1.3819376053412755,0.7028498765826225
807,0.14059685602784155,1.382222935160001,0.7039165177941322
808,0.14046949088573457,1.3810084958871205,0.7027586477001508
809,0.1406362239519755,1.3817608831326167,0.7038672263423602
810,0.1405427843828996,1.3819832372665406,0.7030431610345841
811,0.14061243201295534,1.38211408217748,0.7038467107216517
812,0.14008175956706206,1.3808422253529231,0.7036614829301834
813,0.14018863101800283,1.3819727639357249,0.7038871484994889
814,0.1404771595199903,1.3813500255346298,0.7031642894943555
815,0.14005512590209643,1.3822160921494167,0.7018391317129136
816,0.14031311665972074,1.381811343828837,0.7028730770945549
817,0.139866128017505,1.381383147041003,0.7023961557944616
818,0.1401271759470304,1.3819383651018142,0.705022794107596
819,0.14000704156855742,1.3815000712871552,0.7017886579036713
820,0.14023774176836012,1.3826021343469619,0.7042143090566
821,0.14016811174650987,1.3816771032412847,0.7046426098545392
822,0.13989716820418835,1.3825512411197027,0.7022898507118225
823,0.14010370237131914,1.3814609581232071,0.7038691792885462
824,0.14006364340583483,1.3811808492739994,0.7045000813404719
825,0.1403237002839645,1.3818322137991588,0.7044782613714536
826,0.14034758888185025,1.382300813595454,0.7039936378598213
827,0.1400406698634227,1.3812128790219624,0.7021021393934885
828,0.140439368262887,1.3833235651254654,0.7035009633501371
829,0.14061860685547192,1.3829210269451142,0.7013997341195742
830,0.14071234171589217,1.3834716955820718,0.7010627639293671
831,0.14053772596021494,1.383133345246315,0.7007453830043475
832,0.1404649835328261,1.3827305847406388,0.7013583569725355
833,0.1399427719414234,1.3819361323118209,0.7006793675820032
834,0.14024281923969587,1.3820323302348454,0.7025827782352766
835,0.14055402738352615,1.3819008217255275,0.7036146115263303
836,0.13991706321636835,1.3826729542016982,0.7020954070488612
837,0.14011851939062278,1.3826097631454468,0.7009175196290016
838,0.13981571316719055,1.382120246688525,0.7019252861539523
839,0.13980931495626767,1.3821234093109767,0.7032139830787977
840,0.13963807235161463,1.3818024231990178,0.7012377310792605
841,0.1398823674271504,1.3820550912618637,0.7010837705930074
842,0.14021541833877563,1.3827311889330547,0.7043404149015745
843,0.1397673274576664,1.3819039368629455,0.7046567732095719
844,0.13959570191800594,1.3816316558917363,0.7020732658108075
845,0.13951109868784745,1.3812797522544862,0.7037289636333783
846,0.1399030823012193,1.381799635887146,0.7043078205982845
847,0.13958920729657015,1.3819196663300197,0.7008231794834137
848,0.13995766299466292,1.3824533639351526,0.7018590070803961
849,0.13983464894195397,1.3822265108426413,0.700378435154756
850,0.13985664087037245,1.381293886701266,0.7065719240903854
851,0.13983282518883547,1.38168108244737,0.7013196137547493
852,0.1395839837193489,1.381425207455953,0.7035716550548872
853,0.13997920826077462,1.3815772253274918,0.7034037972489993
854,0.14017483480274678,1.3817079492410025,0.704174008667469
855,0.14033999090393384,1.3824296710888544,0.7036537973086039
856,0.13997890695929527,1.3818049148718516,0.7055315234263738
857,0.14046018516023953,1.382157538731893,0.7017829934755961
858,0.14013417556881905,1.3830580321947734,0.7019238698482514
859,0.13996427069107692,1.3819588484366734,0.7013116324941318
860,0.13973919957876205,1.3824476156632106,0.7037418359518051
861,0.14021606554587682,1.3832114108403524,0.7033496496081352
862,0.13987032443284989,1.3821856600046158,0.7010532858967781
863,0.1400332991530498,1.3822323822975158,0.7008338374892871
864,0.14011990080277126,1.3831442532936733,0.7025811904668808
865,0.14036788299679756,1.3830475717782975,0.7008731534083684
866,0.13961888251205284,1.382276824514071,0.7002913867433865
867,0.13991475145022075,1.3823312099774678,0.7021560936172804
868,0.13982014248768487,1.3819160052140553,0.7047985731561979
869,0.13981050327420236,1.3822647273540496,0.70161995023489
870,0.1398868402093649,1.3823693509896595,0.7027899984518687
871,0.1396025244394938,1.3814656265576681,0.7019700654347738
872,0.13920505148669085,1.3820876785119374,0.7020571271578471
873,0.13941720324258008,1.3815548779567082,0.7036001006762187
874,0.13990936843057475,1.3823669892549515,0.7041762324174246
875,0.139716346959273,1.382594019373258,0.7012505607803663
876,0.13948750173052152,1.3813750320672988,0.7023683381080628
877,0.13928523264825343,1.3817410671710968,0.7041944695512453
878,0.14007446520030498,1.3823151286443074,0.7030512893199921
879,0.14024051827689013,1.3820233637094497,0.702353245317936
880,0.1398384942362706,1.382410057981809,0.7004743032654126
881,0.1397368480016788,1.3818389936288198,0.7026165448625883
882,0.1399371962249279,1.3826634067296981,0.7032406256596248
883,0.13950943045318126,1.3819903844594956,0.70073034932216
884,0.1396758060157299,1.3825036801894506,0.7020204481482506
885,0.13958179195721945,1.38184621433417,0.7001408050457637
886,0.13962868538995585,1.381715690890948,0.704631094733874
887,0.13966008176406225,1.3827294025818506,0.7018413601318995
888,0.13976141422986985,1.3816446063915888,0.703889238635699
889,0.1393337892492612,1.3826697083314259,0.7014426931738853
890,0.13949025429785253,1.3820156115293503,0.7028829771280288
891,0.13970088325440883,1.3825711387395858,0.7027961869041125
892,0.13941899629930654,1.3824449491500854,0.7038971768816312
893,0.13926866362492243,1.3821894578138987,0.7010886811216672
894,0.13938240818679332,1.3820212276776631,0.702060071627299
895,0.13947611349324385,1.3825721484422684,0.7004006378849348
896,0.13905825155476728,1.3822169222434362,0.7009729013840358
897,0.13933960407972334,1.382103079954783,0.7036978778243065
898,0.13953861586749552,1.3834902274608611,0.702471412618955
899,0.1394087521235148,1.3825180319945019,0.700913571715355
900,0.13958174102008342,1.3820233048995336,0.7021593169371287
901,0.13967328771948814,1.3827104942003885,0.7030892421801885
902,0.13922057929138343,1.3823791525761286,0.7029689796765646
903,0.13919930306573708,1.3819997135798137,0.7028771223624547
904,0.13951643119255702,1.381988725066185,0.7031758900483449
905,0.13946782740453878,1.382537445028623,0.7012648964921634
906,0.13920657018820445,1.382125027179718,0.7007551203171413
907,0.13908883606394132,1.3816189297040304,0.7042816262443861
908,0.13940217497448126,1.3826848848660787,0.6998492825031281
909,0.13921050479014715,1.3831162017583847,0.7018995121121406
910,0.13900929190218447,1.3821238235632578,0.702014204065005
911,0.13906186737120152,1.3820869106054305,0.7023335313796997
912,0.13896473119656244,1.381964550614357,0.6998146587610244
913,0.13908164255321026,1.3820466842254002,0.7044776711861293
914,0.13890340581536292,1.3822324186563493,0.7024931386113167
915,0.13925344944000245,1.3819274159272512,0.7014954301714897
916,0.13894904086987178,1.3816001808643341,0.7055720629294714
917,0.1392266711841027,1.3822984651724497,0.7005733497937521
918,0.13899595814446608,1.3822570019960403,0.7057620638608932
919,0.13886514094968636,1.3820691019296647,0.7025868799289068
920,0.1392169981698195,1.3828747908274333,0.7034004393219948
921,0.13921561372776825,1.3822917799154917,0.7024748587608337
922,0.13883079101641974,1.3824598105748493,0.7012816543380419
923,0.13871468181411425,1.3826048843065897,0.7034208027521769
924,0.13901860654354095,1.3821042253573737,0.7015212123592695
925,0.13871498371164004,1.3829159198204677,0.7013552928964297
926,0.13857350828746953,1.3821132045984268,0.7020021136601766
927,0.1386258521427711,1.3824363646904627,0.7009561489025752
928,0.13861966133117676,1.3816408848762511,0.7029695317149163
929,0.13877433468898137,1.3820215038458505,0.7016223514080048
930,0.13887990387777488,1.3811689164241154,0.7045738593737284
931,0.13907877611617248,1.3826679277420044,0.7036037889122962
932,0.13873955838382243,1.3821403018633525,0.7017585285504659
933,0.13878134777148565,1.3824850704272589,0.7023392544190089
934,0.1389920355627934,1.382207465370496,0.7031068865458171
935,0.13941477080186207,1.3830601483583451,0.7008308134476344
936,0.13903708736101786,1.382269577383995,0.7040438582499822
937,0.1389377435296774,1.3821372059981027,0.7027170118689537
938,0.13909545404215654,1.3821159867445627,0.7033882931868235
939,0.1390354287624359,1.3819749341408412,0.7028477684656779
940,0.13871984017392,1.3825158174832661,0.7039163359999656
941,0.13892694493134816,1.382212328116099,0.7018883422017097
942,0.13879511564970015,1.3814091342687607,0.7031843238075575
943,0.1389543223629395,1.3830877389510472,0.7020235792795817
944,0.13896849808593592,1.383805413444837,0.7007337264219919
945,0.13915297232568263,1.3822321665287018,0.7016454996665319
946,0.13908581145107746,1.382453645269076,0.7015111757318179
947,0.13867073617875575,1.3819227719306946,0.7041553991039594
948,0.13891266658902168,1.3822639765342077,0.7009789419174194
949,0.13865633790691695,1.3825163334608077,0.7026797871788343
950,0.13889851860702038,1.3817986502250035,0.7021803007523219
951,0.1388981261352698,1.3828942815462748,0.7017907896637916
952,0.13889933491746584,1.3825512049595514,0.7023562415440877
953,0.13885025940835477,1.382468122045199,0.7025912082195283
954,0.1392165501167377,1.3826119615634282,0.7024391351143519
955,0.13895012547572455,1.382396458586057,0.7016964356104533
956,0.13882558840016523,1.3826883769035339,0.6995014956593514
957,0.1387150693933169,1.3823211693763733,0.7042516984542211
958,0.13907498431702456,1.3827845561504364,0.6997904244065285
959,0.13936938958863418,1.3831106634934742,0.7041215658187866
960,0.13879758775234222,1.382099093993505,0.7020746127764383
961,0.13854360168178875,1.3819639772176742,0.703547377785047
962,0.13866894831260046,1.3819753128290175,0.702202771405379
963,0.1385516024629275,1.3828673994541167,0.7017764071623485
964,0.13875688016414642,1.3824067320426305,0.7000077705581983
965,0.13885182241598765,1.3830387765169143,0.7016006283958753
966,0.13869774388770262,1.3823958309491475,0.7027508037288984
967,0.1387992381801208,1.3828119035561879,0.6988217501839002
968,0.138752870062987,1.3831797315677008,0.7023792601625125
969,0.1386619570851326,1.3824641942977904,0.7022234554092089
970,0.13892163917422296,1.3833016999562582,0.6998811891674995
971,0.1384780031690995,1.3818502205610275,0.7033380170663198
972,0.138477800488472,1.3822923137744267,0.701620401442051
973,0.1383954148242871,1.3824928820133209,0.7008713642756145
974,0.13856855814655622,1.3822803298632305,0.7021485367417335
975,0.1383513867110014,1.3827934354543685,0.703192776342233
976,0.13858298209806283,1.382692040403684,0.7015518914659818
977,0.1385916035125653,1.3827884685993195,0.7008123289545377
978,0.1385669941206773,1.3820117537180583,0.7019981521368027
979,0.13838216359416644,1.3830547565221787,0.7006709816058477
980,0.13828597083687783,1.3829799793163935,0.7014294947187106
981,0.1383044725159804,1.3822525233030318,0.7025633154312769
982,0.1387370534489552,1.3831792205572129,0.7037651548782985
983,0.13824088918666044,1.382633925875028,0.7006802122791608
984,0.1382456523925066,1.3827367011706035,0.7013380054632823
985,0.13864986124138037,1.383234591682752,0.7004141074419021
986,0.13826281284292538,1.382875318924586,0.699905466735363
987,0.1382222886631886,1.382964637875557,0.7015263923009236
988,0.1381304203470548,1.3823488199710845,0.7022174847126007
989,0.13816596182684104,1.3825872705380122,0.703742532034715
990,0.138401990433534,1.3829149148861568,0.7019206721584003
991,0.13831974695126215,1.3831235984961192,0.7003035539388657
992,0.13824159820874532,1.3826312398910523,0.6994152135650317
993,0.13845521301031113,1.3831131474177043,0.7018261929353078
994,0.13833008406062922,1.3827717914183935,0.6994810975591341
995,0.1386595493555069,1.3834736913442611,0.7017584522565206
996,0.13814388637741407,1.3820201853911083,0.7024259537458419
997,0.13841253966093064,1.3830379164218902,0.699349610110124
998,0.13825320199131966,1.3831068807840348,0.7025311344861984
999,0.13836321033537388,1.3827495610713958,0.7026732024550438
1000,0.13832390601436298,1.382511524359385,0.6996086004376412
1001,0.13872028780480225,1.381109486023585,0.6974590287605922
1002,0.13867485920588177,1.3822410627206168,0.6888351516922315
1003,0.13830040444930394,1.3832677479585012,0.6953335798780124
1004,0.13822157020370165,1.3830862547953924,0.6929936503370603
1005,0.1381259897351265,1.3817755617698033,0.7027866206566493
1006,0.13781780826548734,1.3801420962810516,0.706905706723531
1007,0.13765636801719666,1.38087608953317,0.7038572866717975
1008,0.13764031340678534,1.3810409555832546,0.7025293439626694
1009,0.1375643031299114,1.381325819293658,0.7012726218501727
1010,0.13745489870508512,1.3814386496941249,0.6994067202011744
1011,0.13751460634171964,1.381653653383255,0.7018721809983254
1012,0.13751071100433668,1.3811703222990035,0.6949335262179375
1013,0.13762992409368355,1.3800582863887152,0.7015242331226667
1014,0.13759516646464665,1.3814054540793101,0.7001359429955483
1015,0.13763160012662412,1.380396403868993,0.6983132557074229
1016,0.13773133826752504,1.380563678741455,0.7019498379031817
1017,0.13785260873536268,1.381117079059283,0.6979885471860567
1018,0.13810571126639842,1.3829242201646168,0.696796624660492
1019,0.13794855083028476,1.3808876524368923,0.7032482654849688
1020,0.1381013605495294,1.3814530078570049,0.70341875543197
1021,0.13802677740653355,1.3821427987019221,0.6964151155948639
1022,0.13799643163879713,1.3816030299663544,0.7029786177476247
1023,0.13795182975629966,1.3813620940844218,0.7009172639250756
1024,0.13778843723237513,1.3813824085394542,0.7010280012091001
1025,0.1379002779473861,1.3809862504402797,0.6989410654703776
1026,0.13771355502307414,1.3814130872488022,0.7007262057065964
1027,0.1378754685819149,1.3816663120190302,0.7011524516344071
1028,0.13768053258458773,1.3815683982769649,0.6989006612698238
1029,0.13767512654264769,1.3806697195768356,0.7040666806697845
1030,0.1376811149219672,1.3806593362490336,0.7046452100078265
1031,0.13775479319194953,1.3815491914749145,0.6998640501499176
1032,0.1377241572489341,1.3806114917993546,0.6990201871593793
1033,0.13765811845660209,1.3814940144618353,0.6984733833869299
1034,0.13768010494609673,1.3813840099175771,0.6958776624004046
1035,0.13772845233480135,1.3814965828259786,0.6974486162265142
1036,0.13779239336649576,1.3803821313381195,0.7001902922987938
1037,0.13768769726157187,1.3805897068977355,0.7008733957012494
1038,0.13776209394137065,1.3818187381823857,0.6975402531027793
1039,0.13776994665463765,1.3812334501743317,0.7022407912214597
1040,0.13773489880065123,1.3812242835760116,0.7010963380336761
1041,0.13788090718289217,1.3813631733258565,0.699568870862325
1042,0.1377419015020132,1.3807779099543889,0.7001905364791552
1043,0.13787591877082983,1.3811747988065084,0.7007031404972076
1044,0.13794552112619082,1.3810449514786403,0.7017113521695137
1045,0.1379080016662677,1.3811305012305577,0.7014836270610492
1046,0.13789921822647253,1.381663538813591,0.700300066669782
1047,0.13798738911747932,1.3800903608401616,0.7006097969412803
1048,0.13783491695920627,1.3802545791864396,0.7005361731847127
1049,0.13791473023593426,1.3824920956293743,0.7012391155958175
1050,0.1378619086742401,1.3811108420292537,0.7018434089422226
1051,0.1377892072747151,1.380996324022611,0.6984641095002492
1052,0.1377999380727609,1.3809867024421691,0.6979585899909337
1053,0.13780174454053243,1.3808280392487844,0.7029388343294461
1054,0.13771498193343482,1.3806963521242142,0.7031016301115354
1055,0.13772799111902714,1.3803994299968083,0.7039793419837952
1056,0.1378066131969293,1.3808729859193165,0.7021647053956985
1057,0.13787683623532454,1.3801262021064757,0.7012322962284088
1058,0.13786612833539644,1.3799610863129297,0.7041077420115471
1059,0.13799868834515414,1.3811049153407415,0.701780969897906
1060,0.13796870306134223,1.3804030352830887,0.6997023695707321
1061,0.13795598248640698,1.3816344702243806,0.7015915019313494
1062,0.13815409871439138,1.3797673366467158,0.7025088701645533
1063,0.1380276009440422,1.3804809572299321,0.7007455118497212
1064,0.13817982899645964,1.3816764934857686,0.6991912852724393
1065,0.1381545189023018,1.380610054930051,0.7020314875245094
1066,0.13809151803453765,1.3812182615200679,0.7024064841866493
1067,0.1380934654424588,1.3810143331686655,0.7015610475341479
1068,0.13803873057166735,1.3812843978404998,0.6998243285218875
1069,0.13807531721889973,1.3810623115301133,0.7007580503821373
1070,0.1380971302340428,1.380145368973414,0.6993539863824845
1071,0.13809501484036446,1.381087366938591,0.7012481556336085
1072,0.13799542143940927,1.3812368764479954,0.7011867859959602
1073,0.1379450114319722,1.3803511595726012,0.7007355231046677
1074,0.13789305972556273,1.380912737250328,0.7027096493045489
1075,0.13804704288641612,1.3815336749951044,0.7019380129377047
1076,0.13804870436588923,1.3814671484629313,0.6994450107216835
1077,0.1381100075195233,1.3813338573773701,0.7008146628737449
1078,0.13816683227817217,1.3811009035507837,0.6998589294155438
1079,0.1380854368209839,1.381538787682851,0.7005296197533607
1080,0.13809493653476237,1.3814168508847555,0.7006720604499181
1081,0.13810894312957922,1.381533473332723,0.7010820636153221
1082,0.1380676836272081,1.3805940135320027,0.6998664311567943
1083,0.13797985759874185,1.3807996306816737,0.7004309732715289
1084,0.13806044528881709,1.3814625144004822,0.7019691920280456
1085,0.1380921349922816,1.382067582408587,0.7012052674094836
1086,0.1380829660842816,1.3812924857934317,0.698910187681516
1087,0.13805918149650098,1.3808861645062764,0.70224454164505
1088,0.1380299010624488,1.380741211771965,0.7017840355634689
1089,0.13814559310674668,1.3809059361616771,0.6998589795827865
1090,0.13818021955589455,1.3813653802871704,0.7015660698215167
1091,0.13820669467250507,1.3810081889232,0.7016772724191348
1092,0.1382883354773124,1.3806947513421377,0.7021290839711825
1093,0.13822245910763742,1.38238951086998,0.6995922370751699
1094,0.13819528197248776,1.3806313786904016,0.7004909681280455
1095,0.13811836938063304,1.3817711383104325,0.6986648384730021
1096,0.1381434693435828,1.380814299384753,0.7004688648382823
1097,0.13810086573163668,1.380533403555552,0.7004456130663553
1098,0.13805199444293975,1.3801605939865111,0.7023358956972758
1099,0.13806105961402257,1.3812421236435573,0.7015552052855492
1100,0.13804735079407693,1.3808627422650654,0.7014514956871668
1101,0.13811220777531466,1.381530377070109,0.7006853991746902
1102,0.13818035647273064,1.3814352363348008,0.6990512812137604
1103,0.13824564253290494,1.3811379452546437,0.7004576023419699
1104,0.13822683694461982,1.3819262202580769,0.7009864865740141
1105,0.13813749400277933,1.3812881642580033,0.7004530496398608
1106,0.1381284548093875,1.3808899811903637,0.701720675031344
1107,0.13808473085363707,1.38124236702919,0.701064844528834
1108,0.13807512174050013,1.3816477213303249,0.7012222078442574
1109,0.13809758263329666,1.381079587340355,0.7022257914145787
1110,0.13813625949124494,1.380709968805313,0.7008948050936064
1111,0.13808786136408646,1.3805053683122,0.7021909874677658
1112,0.13818176545202732,1.380959597826004,0.701443294386069
1113,0.13813983547190825,1.3806076047817866,0.7020869849125544
1114,0.13814149806896844,1.3811377735932668,0.7010647020737331
1115,0.13815926695863406,1.3813113079468409,0.698575265010198
1116,0.1381629187365373,1.3813904652992883,0.7001729623476665
1117,0.13817341320216656,1.381436154047648,0.7010716674725215
1118,0.13813257577518623,1.3807548967997234,0.7010427293181419
1119,0.13828791735072932,1.381111304163933,0.6985522653659185
1120,0.13824350357055665,1.3809092124303182,0.7019696439305941
1121,0.1381446278343598,1.3817283143599828,0.7017128852009773
1122,0.1381173800677061,1.3800790838400523,0.7003083474437396
1123,0.1381375582764546,1.3821606602271397,0.700985874136289
1124,0.1382027707497279,1.380968651175499,0.7001569002866745
1125,0.13830673304696878,1.381298845410347,0.6995824803908666
1126,0.13820766088863215,1.3810749606291453,0.699217948615551
1127,0.13814290893574555,1.380885329246521,0.7000000720222791
1128,0.1381611068546772,1.3811870284875234,0.7015948048233986
1129,0.13816267502804597,1.3813972560564678,0.7028721892833709
1130,0.13821477097769577,1.381800307035446,0.6998776544133822
1131,0.13821224989990394,1.380510563850403,0.7000082002083461
1132,0.1382652495553096,1.3809614078203838,0.7015296444296837
1133,0.1383317369222641,1.3817690201600392,0.7018664023280143
1134,0.13832554777463277,1.3809047565857568,0.7021060273051262
1135,0.13828900848825773,1.3811600375175477,0.7006545389691988
1136,0.13832892800370852,1.3808453452587128,0.7014702282349269
1137,0.13823026696840923,1.3812431182463965,0.7019449725747109
1138,0.13820591397583484,1.3807483406861623,0.7009723005692164
1139,0.13818232936163743,1.381280661225319,0.7005343039830526
1140,0.13818630968530973,1.3812901298205058,0.7017579490939776
1141,0.1382323590417703,1.380892568230629,0.7002198843161265
1142,0.13819841573635738,1.3809885309139887,0.6992278936505317
1143,0.13823695284624896,1.3813368425766628,0.7011325549085935
1144,0.13819815039634706,1.3807929704586666,0.6994956011573473
1145,0.1382091531654199,1.3815036922693253,0.699593867957592
1146,0.13820593419174354,1.3805214802424113,0.7015750751892725
1147,0.13830774404108526,1.3816519145170847,0.700463120341301
1148,0.13840815477073193,1.381021583477656,0.7021479677160581
1149,0.13845208570361137,1.3812450261910756,0.6999642976125081
1150,0.13835587203502656,1.3810635006427765,0.6987210044264793
1151,0.13831925290326277,1.381222222050031,0.7000138014554977
1152,0.1382822392632564,1.3806024807691575,0.7019353355964025
1153,0.13835748106241227,1.3812092373768488,0.7010620220502217
1154,0.13837190275390943,1.3816879294315974,0.7009280508756638
1155,0.1383926066507896,1.3815098547935485,0.7004560299714406
1156,0.13828024143973985,1.3814958932002386,0.7016299530863762
1157,0.13829762034118176,1.381485293308894,0.700662683347861
1158,0.13821967822810013,1.3810773412386577,0.7003362416227659
1159,0.138237439468503,1.3809954369068145,0.7020424251755079
1160,0.13817826583981513,1.3818555261691412,0.7020257980624834
1161,0.1382854657371839,1.3810967846711477,0.7007753309607506
1162,0.13833630961676438,1.3803809577226638,0.701040902932485
1163,0.13826105157534282,1.3809147894382476,0.7012139502167701
1164,0.1382882255067428,1.3815158142646153,0.7014970978101095
1165,0.13833597575624784,1.3813501985867818,0.7009179293115934
1166,0.1383107013007005,1.3808903207381567,0.7007100430130958
1167,0.1383333454777797,1.3809277206659316,0.7010165427128474
1168,0.13840830072760582,1.3816550970077515,0.7002518623073896
1169,0.1384233109652996,1.3808993619680405,0.7000085178017617
1170,0.13842556498944758,1.3804042704900106,0.7012132952610651
1171,0.13839188920954862,1.3807478253046672,0.6988075986504555
1172,0.13828485342363517,1.3811968533198038,0.7001131807764371
1173,0.13833825401961802,1.3814223192135493,0.7013197109103203
1174,0.1384465319663286,1.3810338089863459,0.7016040751338005
1175,0.1384194445858399,1.3802724236249924,0.7014116925994555
1176,0.13839783385396004,1.3815124847491582,0.70132036536932
1177,0.13834580324590207,1.3808274779717127,0.7005053188403447
1178,0.1383258412281672,1.3811514381567638,0.7011731464664142
1179,0.1384050315618515,1.3816852802038193,0.7014786493778229
1180,0.138410466487209,1.3807767482598623,0.7009616687893867
1181,0.13835838340222836,1.3811797146002451,0.7003903297583262
1182,0.1383769162495931,1.3808981136480967,0.7017293707529704
1183,0.13841700981060664,1.3811624836921692,0.700661410788695
1184,0.13832113002737365,1.3814623556534449,0.7004978806773822
1185,0.13840093630055586,1.3809802480538687,0.6999298223853111
1186,0.13830509836475055,1.3817530790964763,0.7003159857789676
1187,0.13823934209843478,1.3813734380404155,0.7020679010947546
1188,0.1383043268074592,1.381260754664739,0.7014897528290749
1189,0.13836154957612357,1.381165517171224,0.6995361836751303
1190,0.1383738762885332,1.3806752000252407,0.7009166783094406
1191,0.13841484633584816,1.3820865577459336,0.7012932745615641
1192,0.1383677729467551,1.3817019524176914,0.700668894648552
1193,0.1384474625935157,1.3814554339647294,0.7006290103991827
1194,0.13842225703100364,1.3815713628133137,0.7013941165804863
1195,0.13842765368521215,1.3811265867948532,0.6996503555774689
1196,0.13848373283942542,1.3812352285782497,0.7000743488470713
1197,0.13853086265424888,1.381646108428637,0.6999628070990245
1198,0.13841223128139973,1.3813308807214102,0.6997214698791504
1199,0.13840263637403646,1.381636920372645,0.7005478053291638
1200,0.13844526469707488,1.3816090357303619,0.7004089950521787
1201,0.13854439792533715,1.3810517289241155,0.7011327269673348
1202,0.13851565100252627,1.3810563202699024,0.7009741736451784
1203,0.13841840721666812,1.3810197283824286,0.7006348418196042
1204,0.13854322545230388,1.3806665142377217,0.7025932812690735
1205,0.1386224758873383,1.3807709942261377,0.7008082933227221
1206,0.1386262041827043,1.3805750286579133,0.7004877890149752
1207,0.1386198647071918,1.380681089758873,0.7005912846326828
1208,0.13851882631580034,1.3807512180010477,0.701739798883597
1209,0.13863793748120468,1.38156289935112,0.7009875710805257
1210,0.13860917180776597,1.3814099886020024,0.7024735431869825
1211,0.1385028397788604,1.381095941265424,0.7009784365693729
1212,0.13854992759724458,1.3805414837598802,0.7007891343037287
1213,0.13851431109011172,1.3813703316450119,0.7006108522415161
1214,0.13855083060761292,1.3815577177206675,0.7012353484829267
1215,0.13852400079369545,1.3811661062637965,0.7010632921258608
1216,0.13854927050570648,1.3815792644023894,0.7008406603336335
1217,0.13854022654394307,1.382004745999972,0.7001561643679937
1218,0.13862712509930133,1.3811096010605495,0.7012624552845955
1219,0.13866265721619128,1.3810620347658793,0.7003057711323102
1220,0.1385720193386078,1.3811167365312575,0.6986139500141144
1221,0.13844617488483588,1.380873657266299,0.7019204373160998
1222,0.138453573162357,1.380932259162267,0.7004702281951904
1223,0.13850576455394428,1.3808379399776458,0.7009920734167099
1224,0.13863287995258966,1.3811600250005722,0.7009831960995992
1225,0.1385538253436486,1.381630509297053,0.6992600882053375
1226,0.13858219049870968,1.3817138330141703,0.6998647188146909
1227,0.13856368616223336,1.3810182311137518,0.7015527406334877
1228,0.13858292085429033,1.3812540340423585,0.7010174449284872
1229,0.1385414744913578,1.3813607704639435,0.700175111591816
1230,0.13850124701857566,1.3807243992884954,0.7005548911293348
1231,0.13843487180769443,1.381443589925766,0.6997211958964665
1232,0.1383666790028413,1.3816449948151905,0.7022630840539932
1233,0.13828757452468077,1.3818061498800913,0.7011705728371939
1234,0.13840930598477522,1.3816246205568314,0.7014061183730761
1235,0.13841935557623705,1.3813118507464728,0.6989031620820363
1236,0.13848175689578057,1.3808661897977192,0.6997446570793787
1237,0.13847915070752304,1.3809025597572326,0.7014497023820877
1238,0.13851832516491414,1.3811756404240927,0.7022162432471911
1239,0.13854092846314112,1.3812125168244045,0.7021803469459216
1240,0.1384760788579782,1.3818225042025247,0.7007642169793447
1241,0.13840620030959447,1.3811993366479873,0.7003228621681531
1242,0.13840535283088684,1.380578808983167,0.7014272650082906
1243,0.1383628901342551,1.3811688276131948,0.7022941067814827
1244,0.1383664245903492,1.3809720695018768,0.7015749135613442
1245,0.13841816472510496,1.381595634619395,0.6996675486365954
1246,0.13847181228299935,1.3811262593666713,0.7000819874803225
1247,0.13846004024147987,1.380947753985723,0.6996575320760409
1248,0.1383752984305223,1.3810726525386174,0.6996063019831975
1249,0.1383213889350494,1.3820200767119726,0.7001126426458358
1250,0.1383372722317775,1.3811712729930878,0.7010370536645254
1251,0.13833910470207533,1.3807458619276682,0.7016094771027565
1252,0.1383763055006663,1.3809831150372822,0.7015407823522886
1253,0.13849882178008557,1.3813057210048039,0.7018588990966479
1254,0.13846383959054948,1.381803971727689,0.700196177860101
1255,0.13846672994395098,1.38129441122214,0.700420346558094
1256,0.13848876722157002,1.3807905473311741,0.7018298699458441
1257,0.13841694916288058,1.3816138221820196,0.7020158517360687
1258,0.13847015048066774,1.3820438760519027,0.700814235607783
1259,0.13850759481390318,1.3813368717829386,0.699999132057031
1260,0.13845785208046435,1.3809989523887634,0.7020271215836207
1261,0.13848171862463157,1.3816045681635538,0.7016216453909874
1262,0.1386528823276361,1.3811422206958135,0.7021836025516192
1263,0.13862945834795634,1.38199458638827,0.7001517237226168
1264,0.13861508818964163,1.3810036158561707,0.6992646563053131
1265,0.13855764739215373,1.3810752403736115,0.7009058485428492
1266,0.13852808763583502,1.3811975848674773,0.6996702738602956
1267,0.13851176023483278,1.3808625195423763,0.7003725852568944
1268,0.1384801012277603,1.3810834580659865,0.701337818702062
1269,0.13844785921275615,1.3815167560180028,0.7007410762707392
1270,0.1385239624728759,1.3819564829270046,0.7011242304245631
1271,0.13853911603490512,1.3805995404720306,0.7025046597917874
1272,0.13857521675527096,1.3809750241041183,0.7012384650111199
1273,0.13856714203953743,1.381294247508049,0.6984040575226148
1274,0.13853396030763784,1.3819586966435116,0.6985854388276735
1275,0.13852331233521303,1.3810030512015026,0.7020700982213021
1276,0.13855185630420844,1.381749422152837,0.70131340076526
1277,0.13861098349094392,1.3814123690128326,0.7011376448472341
1278,0.13863500555356342,1.3817899199326833,0.6990376682082812
1279,0.13862120747566223,1.3809999376535416,0.7014093243082364
1280,0.13846096205214659,1.3807911010583243,0.7014723334709804
1281,0.13851311527192592,1.3813807499408721,0.7013701669375102
1282,0.13850250594317914,1.381110180815061,0.700852556626002
1283,0.13862414347628751,1.3814454166094463,0.7007558006048202
1284,0.1385612084219853,1.382271025578181,0.6997818155090014
1285,0.13864088371396066,1.3817442061503729,0.6992538579305013
1286,0.1385934925576051,1.3818899061282475,0.6992626383900642
1287,0.13849144746859868,1.3813439758618673,0.7018374149998029
1288,0.13844401302436987,1.381565577785174,0.7004499205946922
1289,0.1384904036174218,1.3815680092573166,0.6996073527137439
1290,0.138536761328578,1.3811424887180328,0.698563980559508
1291,0.1385344477991263,1.381724824309349,0.7000457427899043
1292,0.13845183144013087,1.3816087307532627,0.7008638169368108
1293,0.1384490723659595,1.3800171796480816,0.7012133274475734
1294,0.1384761387358109,1.3822025007009506,0.7000082106391589
1295,0.13843004482487836,1.3817521011829377,0.6999093423287074
1296,0.1383687610179186,1.3814023691415787,0.7000536852081617
1297,0.13828663465877375,1.3810139908393224,0.7024888767798741
1298,0.13839659673472246,1.3819074889024099,0.7014116529623667
1299,0.13837469339370728,1.3816787765423457,0.7007994931936264
1300,0.13840935123463471,1.3808890275160473,0.7012486004829407
1301,0.13838268140951793,1.3809452786048253,0.7012480917572975
1302,0.13833504232267538,1.3818894956509273,0.700428691804409
1303,0.13835109127064546,1.3805533522367477,0.700360143482685
1304,0.13837025605142117,1.3814856415987016,0.7016222840547561
1305,0.13840596834818522,1.381522295276324,0.6998375596602758
1306,0.13840082449217636,1.3816825846831005,0.7000315241018931
1307,0.1382558640340964,1.3806630168358485,0.7019540815552076
1308,0.1383595631768306,1.381056234439214,0.7013814674814542
1309,0.13835474694768587,1.381065976023674,0.6995513427257538
1310,0.13831980208555858,1.3813512551784515,0.7005004165569941
1311,0.13837763731678326,1.3811545576651891,0.7020188724994659
1312,0.1383251548310121,1.38144424478213,0.7017234822114309
1313,0.1384757142762343,1.3808010107278823,0.701034405330817
1314,0.1383769782880942,1.3812626047929129,0.6996156792839369
1315,0.13853587354222932,1.380710165699323,0.700596150358518
1316,0.13851588817934196,1.3803245429197948,0.7012483929594358
1317,0.1384990748266379,1.3818877059221268,0.7013431557019552
1318,0.13848572927216687,1.381509228348732,0.6999222528934479
1319,0.13842979895571866,1.3806890805562337,0.7004721402128538
1320,0.1384553366402785,1.3813868347803753,0.6997568647066752
1321,0.13850316487252712,1.3812630436817805,0.6994592132170995
1322,0.13845998493333658,1.3815646388133367,0.7015815472602844
1323,0.13850693749884765,1.3811341247955957,0.7015048486987749
1324,0.13853393219411372,1.3819017507632574,0.7016027358174324
1325,0.13856777171293894,1.3814159538348516,0.7008520413438479
1326,0.13854948711891968,1.3813984219233195,0.6998848440249761
1327,0.13850794784724713,1.3812955127159754,0.7013707595070203
1328,0.13859772987663746,1.3807678433259327,0.7011551881829897
1329,0.13860742539167403,1.3815103636185329,0.7001297798752785
1330,0.13857542405525844,1.3809355509281158,0.7005183886488279
1331,0.13855061667660873,1.3811711319287618,0.7002621906995773
1332,0.13851044428845247,1.3812925624847412,0.7013109301527342
1333,0.1385643980652094,1.3812679640452068,0.7016601787010829
1334,0.13867852799594402,1.3818035858869553,0.7000096146265665
1335,0.1386309272547563,1.3810679403940838,0.7009870752692222
1336,0.13866188084085782,1.3818529214461643,0.6997688833872477
1337,0.13866736605763436,1.3813175439834595,0.6996100082000096
1338,0.13861416769524415,1.3815880713860194,0.7002547774712244
1339,0.1386390527586142,1.3808961276213327,0.7008758961160978
1340,0.13858351727326712,1.3810482958952586,0.700360102057457
1341,0.13863565646111964,1.3812903728087742,0.6995038639505704
1342,0.13855899455646672,1.38146602054437,0.7002864966789881
1343,0.13849932598570983,1.3812620999415715,0.7005767971277237
1344,0.13845219674209755,1.381742131312688,0.6992257723212242
1345,0.13852816350758076,1.3818656106789906,0.6999491343895594
1346,0.13850161838034789,1.3812318368752798,0.7029070782661438
1347,0.1385773578286171,1.38157949924469,0.7008598855137825
1348,0.1386144584417343,1.3812324804067613,0.6979867608348529
1349,0.13856055105725923,1.3810600395997366,0.6998983526229858
1350,0.1385101384917895,1.381341029405594,0.7015658871332804
1351,0.13854090616106987,1.3817722366253535,0.7016516438126564
1352,0.13848138213157654,1.3813521025578182,0.700222601890564
1353,0.13850575124224027,1.3811830228567124,0.7005284105738004
1354,0.13852310207982857,1.3814452679951985,0.7009931426246961
1355,0.13862087537844975,1.3821864120165508,0.7010337743163109
1356,0.1385755330324173,1.3813146038850148,0.7007909556229909
1357,0.1385359547038873,1.3816676551103593,0.7004671410719554
1358,0.1385287452985843,1.3814436719814935,0.7007586734493574
1359,0.13858372412621975,1.3814251675208409,0.7008162488540014
1360,0.13860813898344834,1.3819866355260213,0.7005305082599322
1361,0.1386773989101251,1.380722925066948,0.7014248264829318
1362,0.1386635880668958,1.3813064539432525,0.6994983257850012
1363,0.1385744153459867,1.3812875898679098,0.6992999244729677
1364,0.13853294529020788,1.3815260301033656,0.6992300883928935
1365,0.13839856165150802,1.3814065368970234,0.7014604802926382
1366,0.13839653755227724,1.3821918962399165,0.7008821306626002
1367,0.13852473112444083,1.381059400041898,0.6999185292919476
1368,0.1384806940704584,1.3813569005330404,0.698660627702872
1369,0.13844544045627116,1.3810139294465382,0.6998295673727989
1370,0.13836595232288043,1.3806861599286397,0.7017479900519054
1371,0.13842948007086914,1.380623741944631,0.7005709937214851
1372,0.1384938963999351,1.3810140411059062,0.7000016649564107
1373,0.13852081028123697,1.3810286728541057,0.6994407518704733
1374,0.1385413283109665,1.3817326279481252,0.7010483870903651
1375,0.13858611720303696,1.3808112482229868,0.7011610332131386
1376,0.13857562785347302,1.3818276069561641,0.6997609754403432
1377,0.13856880503396193,1.380885001818339,0.7013528347015381
1378,0.13854761429131032,1.3812273128827413,0.7010176597038905
1379,0.13863717461625735,1.3805603210131328,0.7008110772569974
1380,0.1386177549014489,1.3812456887960434,0.700231519639492
1381,0.13853432476520539,1.3812567504247029,0.6998190518220265
1382,0.13855747647583486,1.380744720697403,0.7022338740030925
1383,0.13852164189020794,1.3817009846369426,0.7042262882987658
1384,0.1385073314855496,1.381470606525739,0.7002453199028968
1385,0.13850526444613934,1.3806398544708889,0.6999216371774674
1386,0.13854047223925592,1.3816371868054071,0.6988579750061035
1387,0.1384716853996118,1.3809790031115214,0.701744411389033
1388,0.13844547383487224,1.3817854086558023,0.7011755894621213
1389,0.13861131901542345,1.3809213985999425,0.7013962888717651
1390,0.1385534603893757,1.3810175438721974,0.7009772124886513
1391,0.1385618988921245,1.3812288383642832,0.7001506183544794
1392,0.13861001854141553,1.3817628602186838,0.7006566175818443
1393,0.13845284211138884,1.3808008291323979,0.6995992492636045
1394,0.1385487948358059,1.3817723689476649,0.6998444777727127
1395,0.1385464837650458,1.3810199840863546,0.7010208517313004
1396,0.13856846019625663,1.3814873617887498,0.698565186560154
1397,0.13856694060067334,1.3815727760394414,0.6993930109341939
1398,0.13848639013866584,1.3806624817848205,0.700795451203982
1399,0.1383898011346658,1.3809672212600708,0.7009939602017403
1400,0.1384695304185152,1.380950139562289,0.7012016961971919
1401,0.13845521276195843,1.3806478369235993,0.7004796892404557
1402,0.1385429919262727,1.3812593483924867,0.7015444923440616
1403,0.13867395805815855,1.3820293323198953,0.7001074852546056
1404,0.1385732586681843,1.3810968194405238,0.6998149594664573
1405,0.13848935410380364,1.3818070218960443,0.7011581347386042
1406,0.13857170455157758,1.3810200675328572,0.70148325552543
1407,0.13852148393789926,1.3810826679070791,0.7006849157810211
1408,0.13852977228661378,1.3811156529188156,0.7005753042300542
1409,0.13847218674918016,1.3811991918087005,0.6993785338600477
1410,0.1384353531897068,1.3805366462469102,0.7012760157386462
1411,0.13843563770254452,1.3812802503506343,0.7005604594945908
1412,0.1384332300722599,1.3808333937327066,0.7007251310348511
1413,0.13849667578935623,1.3813892674446107,0.7003231845299402
1414,0.13849681886533896,1.3816058693329494,0.7035328242182731
1415,0.13844805335005125,1.381927580833435,0.7010434756676356
1416,0.13847012273967266,1.3807026010751724,0.6997698586185773
1417,0.1384646644691626,1.3814490306377412,0.7002420773108801
1418,0.13845560831328232,1.381150611837705,0.7007439610362053
1419,0.13854167458911737,1.38125261982282,0.701098397274812
1420,0.13862942966322103,1.3811825931072235,0.7015493960181872
1421,0.13858215448757014,1.3812624084949494,0.7000131697456042
1422,0.1385860688239336,1.3808659821748734,0.7007607094446818
1423,0.13847299605607988,1.3812989068031312,0.701316869854927
1424,0.13858902752399443,1.3816920230786005,0.7016129274169604
1425,0.13867994502186776,1.3814133797089259,0.700457237859567
1426,0.1385465081781149,1.3817830280462902,0.7003108724951744
1427,0.13865651734173298,1.381324593424797,0.6989026989539464
1428,0.13850415247182052,1.380973880092303,0.7010018710295359
1429,0.1384307905534903,1.3812519552310307,0.7020809198419253
1430,0.1384608000020186,1.3812960571050643,0.7002710770567259
1431,0.1384810752918323,1.381076552470525,0.7024403156836828
1432,0.13852365657687188,1.3815018272399902,0.7002486346165339
1433,0.1385108540703853,1.3810275336106619,0.7005109597245852
1434,0.1385445432116588,1.3815348382790884,0.6992546775937081
1435,0.13851910466949144,1.3811790307362874,0.7006959803899129
1436,0.13851169804732005,1.3815452563762665,0.702107214530309
1437,0.13852544017136098,1.3809602391719817,0.7005244149764379
1438,0.13860554998119673,1.3812121895949045,0.699672898153464
1439,0.13860464053849378,1.380892826517423,0.700008354584376
1440,0.13857443710168202,1.3810791619618734,0.6998153656721116
1441,0.13851245967050393,1.380964014728864,0.7008954099814098
1442,0.13842761514087518,1.381384015083313,0.7009056186676026
1443,0.13844741841157276,1.380753260453542,0.7020445227622986
1444,0.13846806628008684,1.3811432296037673,0.6998445896307627
1445,0.13848506992061932,1.3806572222709657,0.7026093765099843
1446,0.13844087508817512,1.38104399005572,0.7014624683062235
1447,0.13836842509607475,1.3817324046293895,0.7009467427929242
1448,0.13843751418093841,1.3808742779493333,0.7022693865497907
1449,0.13849248863756658,1.3808441094557444,0.6998499913016955
1450,0.1383814908315738,1.3817209315299988,0.7003064707914988
1451,0.13842217149833838,1.3804467745622,0.7006759972373644
1452,0.13834294229745864,1.3816397525866826,0.6999660178025564
1453,0.1384019642074903,1.3811653912067414,0.7020896117885908
1454,0.13841308357814947,1.3810362847646078,0.7002274377147356
1455,0.13831863775849343,1.381080330411593,0.7000440884629885
1456,0.13837841833631198,1.381325093706449,0.700941308538119
1457,0.13844027397533257,1.3810939093430836,0.7006211465597153
1458,0.13840768210589885,1.3813065582513808,0.7011560238401096
1459,0.13846783578395844,1.3805850084622702,0.7004798560341199
1460,0.13837190995613735,1.380930668115616,0.7017404175798099
1461,0.13840360067784785,1.3815414174397787,0.701540776292483
1462,0.13843914334972698,1.3809228318929672,0.7012338197231293
1463,0.1384937550375859,1.3810166001319886,0.6996615600585937
1464,0.13837303690612315,1.380760504603386,0.6992826071381569
1465,0.1383333566536506,1.38151649415493,0.7012580146392187
1466,0.13830679034193358,1.3810641556978225,0.7012456000844638
1467,0.1383261053264141,1.3807735004027684,0.7009691935777664
1468,0.13837619562943776,1.3813975350062053,0.7023341412345568
1469,0.13835955967505773,1.381169979174932,0.6996330631772677
1470,0.13839087632795175,1.3816928712526957,0.6993098717927932
1471,0.13836533144116403,1.3809613607327142,0.7013077756762505
1472,0.13830796239276727,1.3817131855090459,0.7006270135442416
1473,0.13830094980696836,1.3810155069828034,0.7006225490570068
1474,0.1382896685351928,1.381018770734469,0.7010088090101878
1475,0.13827690427501996,1.380921561717987,0.7002533296744029
1476,0.138356844385465,1.3807859619458516,0.7012786069512367
1477,0.13843434842924277,1.3806945848464967,0.7020823293924332
1478,0.13843005076050757,1.380918579896291,0.7005738659699758
1479,0.1383440815160672,1.3810491023461025,0.6991290518641472
1480,0.13836821923653284,1.381284215450287,0.7005265428622564
1481,0.1384034479409456,1.3809459151824315,0.7007624119520187
1482,0.13841876576344173,1.3814963267246883,0.702270202934742
1483,0.1384999997417132,1.3808035365740459,0.7003478241960207
1484,0.13842829138040544,1.3812764231363932,0.7006484993298848
1485,0.1384164068599542,1.381302721897761,0.7014577836791674
1486,0.1383931192755699,1.3809772106011708,0.6989534479379654
1487,0.13843896341820558,1.3809670082728067,0.702252439558506
1488,0.13841700370113055,1.382716679573059,0.7012097205718358
1489,0.13842439490060013,1.3806034775575002,0.700649106502533
1490,0.1384462640682856,1.3814273017644882,0.7004409150282542
1491,0.13844086905320485,1.3814716788132986,0.6999814780553182
1492,0.13850305375953514,1.381383121609688,0.7007059924801191
1493,0.1384387661019961,1.3813206432263057,0.7016219506661098
1494,0.13841501839458942,1.381785296400388,0.6998601379990578
1495,0.13854081513981023,1.381628610889117,0.7003598700960477
1496,0.13850189146896202,1.3812711286544799,0.700762516160806
1497,0.13838810928165912,1.381336150765419,0.7012876520554224
1498,0.1384162770708402,1.3810575087865193,0.700505829056104
1499,0.13850445648034412,1.380537182490031,0.6995452012618383
1500,0.13848825372755527,1.3814276162783306,0.6991658208767573
