epoch,Recon_U,Recon_L,SemiSup,Disc_Cat,Gen_Cat,Disc_Sty,Gen_Sty
1,0.1121010459959507,0.11105038300156593,2.299183201789856,1.3853377461433412,0.694044828414917,1.3840938448905944,0.6942807257175445
2,0.11037334874272346,0.11076056063175202,2.248657393455505,1.384443712234497,0.6945553243160247,1.3778298497200012,0.6965267300605774
3,0.11358822584152221,0.11036217585206032,1.9116756677627564,1.3840811848640442,0.6944761991500854,1.3708507299423218,0.6990850627422333
4,0.1098136804997921,0.1099310003221035,1.0838722586631775,1.3848796844482423,0.6934885263442994,1.364372146129608,0.7008319437503815
5,0.11032815128564835,0.10949080809950829,0.7734529316425324,1.3856181740760802,0.6929214835166931,1.3550021648406982,0.7039215505123139
6,0.11071702465415001,0.10904581397771836,0.5593165457248688,1.3856248378753662,0.6930901646614075,1.337352216243744,0.7101559400558471
7,0.10638847351074218,0.10860975459218025,0.44404132962226867,1.3856789350509644,0.6931295275688172,1.31934152841568,0.7139598846435546
8,0.10907532647252083,0.10818589478731155,0.3381602346897125,1.3858029961585998,0.6930936217308045,1.3071215391159057,0.7182402610778809
9,0.10794902965426445,0.10774705037474633,0.3480523705482483,1.385864007472992,0.6931468069553375,1.28384610414505,0.7366845488548279
10,0.10958018749952317,0.10729526951909066,0.2762490674853325,1.385895812511444,0.6931885778903961,1.2734479308128357,0.7507632613182068
11,0.10627977326512336,0.1068523071706295,0.21365109384059905,1.3858966827392578,0.6932217180728912,1.2530323266983032,0.7927171885967255
12,0.10494221076369285,0.10643974840641021,0.16145662516355513,1.3858870148658753,0.6932403028011322,1.2169565081596374,0.8414658665657043
13,0.10618352741003037,0.10599551349878311,0.15924688801169395,1.3859683394432067,0.6931775510311127,1.2577698945999145,0.8965766549110412
14,0.1081063874065876,0.10554489940404892,0.15013597570359707,1.3859620690345764,0.6931676983833313,1.1970270276069641,0.9408645749092102
15,0.11040656715631485,0.1051239475607872,0.12450771182775497,1.386016321182251,0.6931777834892273,1.1985052824020386,1.0287328660488129
16,0.10595025718212128,0.1046876147389412,0.13278884552419185,1.385965144634247,0.6932859599590302,1.3461901724338532,1.1103715658187867
17,0.10410613939166069,0.10424448922276497,0.161836177110672,1.3859509110450745,0.693266361951828,1.5295776009559632,1.1093352913856507
18,0.10442065224051475,0.1038438081741333,0.10851875990629196,1.3859785556793214,0.6932452917098999,1.4271705627441407,0.9488953769207
19,0.10492800250649452,0.10341272130608559,0.13529119342565538,1.3859769701957703,0.6932848453521728,1.3787210822105407,0.8354398429393768
20,0.10322405993938447,0.1030342474579811,0.09595978632569313,1.385961389541626,0.6932836711406708,1.3618288516998291,0.7813927829265594
21,0.10381050258874894,0.10264719054102897,0.09162152484059334,1.3859586477279664,0.693285608291626,1.3811537742614746,0.7240841805934906
22,0.1032868541777134,0.10225374475121499,0.06582520753145218,1.3859663009643555,0.6932678759098053,1.3856732368469238,0.706477427482605
23,0.10184271261096,0.10186673179268838,0.0717582281678915,1.3859495997428894,0.6932712078094483,1.3921597242355346,0.6893370509147644
24,0.10003736466169358,0.10148619934916496,0.06783172124996781,1.3859965682029725,0.6932333409786224,1.390464723110199,0.6800453007221222
25,0.10254311338067054,0.10110543966293335,0.058180203475058076,1.3859464406967164,0.6932332634925842,1.3932348012924194,0.6734729170799255
26,0.10193530842661858,0.10072190836071968,0.05328748486936093,1.3859944939613342,0.6932046175003052,1.3830960273742676,0.681704330444336
27,0.10129713118076325,0.10034871026873589,0.07160053756088018,1.3859540343284606,0.6932592809200286,1.3706666588783265,0.6914110779762268
28,0.10145726799964905,0.0999756172299385,0.05770355351269245,1.3859535574913024,0.6933088600635529,1.4007566332817079,0.6700259745121002
29,0.10231499001383781,0.0995630867779255,0.05295985173434019,1.3860044002532959,0.6932137191295624,1.395890200138092,0.6915388941764832
30,0.1004861831665039,0.09918976500630379,0.04826183784753084,1.3860869646072387,0.6931703090667725,1.3703983306884766,0.7145344376564026
31,0.09947341233491898,0.09880575388669968,0.038846883550286294,1.385984182357788,0.6932581126689911,1.4201703429222108,0.6626481533050537
32,0.09974372237920762,0.09839184433221818,0.03555954429320991,1.3860413670539855,0.6932535886764526,1.4022302389144898,0.6780975580215454
33,0.0986629568040371,0.09801726713776589,0.05021978439763188,1.3859885334968567,0.6932337284088135,1.3734520077705383,0.7024403989315033
34,0.09902312606573105,0.09768642708659173,0.06535456459969283,1.3859988451004028,0.6932490825653076,1.3742308974266053,0.6986367285251618
35,0.09479068890213967,0.09733165726065636,0.044574377592653036,1.3859251856803894,0.6932843923568726,1.380523943901062,0.6918761253356933
36,0.09697332680225372,0.09697080701589585,0.03251893930137158,1.3860448360443116,0.6931990504264831,1.3751672863960267,0.6966699481010437
37,0.09786847531795502,0.09659453630447387,0.032838030718266964,1.3859658598899842,0.693272614479065,1.3646596312522887,0.71029292345047
38,0.09858603402972221,0.09620879739522933,0.030924326181411742,1.3860349178314209,0.6932300865650177,1.3726857423782348,0.7088902950286865
39,0.09601732939481736,0.09579241499304772,0.03172599480021745,1.3860238194465637,0.6932835280895233,1.3865274786949158,0.7076681435108185
40,0.09512338787317276,0.09542892053723336,0.027878113184124233,1.385917341709137,0.6932886362075805,1.3622896313667296,0.7322559237480164
41,0.09580350294709206,0.09511762633919715,0.019988068286329506,1.3859081149101258,0.6932607650756836,1.369803214073181,0.7238695085048675
42,0.09259737059473991,0.09478778243064881,0.01569988967385143,1.3860052585601808,0.69322629570961,1.4225312232971192,0.6827955365180969
43,0.0942635640501976,0.0943898007273674,0.035897707031108436,1.386009120941162,0.6932007193565368,1.3918482422828675,0.7078397631645202
44,0.09515839889645576,0.09404708370566368,0.035654434096068145,1.385933792591095,0.6932566583156585,1.3710047006607056,0.7140944242477417
45,0.0959677241742611,0.09369814917445182,0.032431775517761705,1.3859964609146118,0.6932920932769775,1.3884917736053466,0.6898320317268372
46,0.09505716413259506,0.0933451421558857,0.0308968985453248,1.3860742092132567,0.6932299137115479,1.4019553780555725,0.6806912064552307
47,0.094211196154356,0.09298070818185807,0.013690224522724748,1.3859046220779419,0.6932738542556762,1.3819087624549866,0.7010186314582825
48,0.09294135421514511,0.09264469370245934,0.018932326463982463,1.385888433456421,0.6934050559997559,1.3635165452957154,0.7130322992801666
49,0.09135061800479889,0.09232601150870323,0.018962336960248648,1.385893738269806,0.6933101177215576,1.3810909628868102,0.6910496890544892
50,0.09462293460965157,0.09192947000265121,0.0158753699157387,1.386012899875641,0.6932236433029175,1.3848451972007751,0.6900751054286957
51,0.09357316866517067,0.09168901666998863,0.01399033204652369,1.3859518885612487,0.6932587802410126,1.3761953353881835,0.6943425476551056
52,0.09234263077378273,0.09165420308709145,0.014958201139234007,1.3858978629112244,0.6933227896690368,1.3746866703033447,0.6962152242660522
53,0.09246385842561722,0.09161342233419419,0.009814430342521519,1.3859364151954652,0.6932988286018371,1.3747753381729126,0.6966264367103576
54,0.09271401166915894,0.0915802150964737,0.010698794806376099,1.3858933687210082,0.6932489752769471,1.373655581474304,0.6979632556438446
55,0.09082701802253723,0.09154659956693649,0.007544941885862499,1.3860031247138977,0.6931485176086426,1.370009756088257,0.6993309140205384
56,0.09376954212784767,0.09150812104344368,0.01214470095001161,1.3860441327095032,0.6932356238365174,1.3715309619903564,0.6989450693130493
57,0.09210769683122635,0.09147341176867485,0.013057439564727246,1.3858893871307374,0.6933098018169404,1.3673227906227112,0.7017150521278381
58,0.09194499403238296,0.09144270569086074,0.00849057303275913,1.3860433101654053,0.6932228446006775,1.36785991191864,0.6997786164283752
59,0.09270442873239518,0.0914031870663166,0.005970299709588289,1.3860386610031128,0.6931997179985047,1.3673323273658753,0.6984205365180969
60,0.08977193012833595,0.09137284606695176,0.0041226547735277565,1.3859607338905335,0.6932781875133515,1.3694137454032898,0.6987342894077301
61,0.09172775074839593,0.09133472666144371,0.0076305207563564185,1.3859570026397705,0.6932519197463989,1.3715930938720704,0.695414251089096
62,0.09143068119883538,0.091293665766716,0.006522344402037561,1.3860288858413696,0.6932276308536529,1.371867823600769,0.6937110900878907
63,0.09375035539269447,0.09125490412116051,0.01011925486382097,1.3858569383621215,0.6932876348495484,1.375344979763031,0.6909914016723633
64,0.0907868780195713,0.09121552109718323,0.006799696222878992,1.3859693646430968,0.6932356536388398,1.3754467844963074,0.6908117413520813
65,0.08986640572547913,0.0911744236946106,0.008944644243456423,1.3858985781669617,0.6933461368083954,1.3802809834480285,0.686387813091278
66,0.09132094904780388,0.09113203287124634,0.011565629532560706,1.3859253525733948,0.6933062732219696,1.383864426612854,0.6836194276809693
67,0.09269414097070694,0.09108314141631127,0.007456094480585307,1.3860167980194091,0.6931764185428619,1.3854875922203065,0.6825245261192322
68,0.09514554142951966,0.09103755056858062,0.008231041714316234,1.3858775854110719,0.6932398319244385,1.38780837059021,0.6800629913806915
69,0.09313927814364434,0.09098843336105347,0.00851957411505282,1.3859713435173036,0.6932222723960877,1.38946430683136,0.6805586040019989
70,0.09072806909680367,0.09094691053032875,0.005221916339360177,1.3860266566276551,0.6932083547115326,1.385955011844635,0.6825890302658081
71,0.0908411554992199,0.09089577421545983,0.007379032776225358,1.3859783291816712,0.6932898223400116,1.3869203209877015,0.6831923246383667
72,0.09211005866527558,0.0908499799668789,0.008836816728580743,1.3860522747039794,0.6932235479354858,1.3825432181358337,0.6869771480560303
73,0.09139597192406654,0.09080643504858017,0.008574158197734504,1.385957419872284,0.6932203054428101,1.3828378796577454,0.6883562982082367
74,0.0922675997018814,0.09075931534171104,0.0036053717602044346,1.3860252737998962,0.6932472825050354,1.378055214881897,0.69310462474823
75,0.09149644151329994,0.0907137706875801,0.00863724360242486,1.3859381318092345,0.6933134198188782,1.3757214426994324,0.6961786985397339
76,0.09000868648290634,0.09066823497414589,0.004395059833768755,1.3861244320869446,0.693239015340805,1.3711808443069458,0.7000088036060333
77,0.09015921652317047,0.09062622413039208,0.007614443270722404,1.386036455631256,0.693299388885498,1.366391134262085,0.7059177994728089
78,0.09162135049700737,0.09058978632092476,0.004148720775265247,1.3858264446258546,0.6933611929416656,1.3611326336860656,0.7097643852233887
79,0.09194276481866837,0.09055012241005897,0.004064612844376825,1.3859696984291077,0.693265438079834,1.3611156463623046,0.7113927602767944
80,0.09030688181519508,0.09051451981067657,0.005459819181123748,1.385923969745636,0.6932962894439697,1.3596027374267579,0.7136532008647919
81,0.09242939054965973,0.09047831520438195,0.005803740513511002,1.3860185265541076,0.6932163178920746,1.3532496094703674,0.7174188494682312
82,0.09271445646882057,0.09044261872768403,0.006937271577771753,1.3859504818916322,0.6933058500289917,1.3534072518348694,0.7178519487380981
83,0.09160315990447998,0.09041273146867752,0.005822318373247981,1.3860640287399293,0.6931691944599152,1.3529303312301635,0.7182411253452301
84,0.09088978171348572,0.09037847593426704,0.009529829607345164,1.3860410809516908,0.6932794392108917,1.3576706051826477,0.7141655027866364
85,0.0917481891810894,0.0903510257601738,0.008409679844044149,1.3859445214271546,0.693281477689743,1.3600768089294433,0.7092521667480469
86,0.09056297466158866,0.0903266802430153,0.0034581739688292145,1.3858890533447266,0.693263703584671,1.3698809504508973,0.7026638388633728
87,0.09169776216149331,0.09029451161623,0.010368380160070956,1.385959017276764,0.6932427525520325,1.37461816072464,0.6973331034183502
88,0.08832526877522469,0.09026267901062965,0.006903171772137284,1.3859352350234986,0.693288904428482,1.3873616456985474,0.6879055798053741
89,0.09006766900420189,0.09022524431347848,0.0118271577230189,1.3861054539680482,0.6931528329849244,1.3917621612548827,0.6830357611179352
90,0.09125841706991196,0.09019385799765586,0.0046611567959189415,1.3858843803405763,0.693287479877472,1.3965993881225587,0.6786839246749878
91,0.09209477454423905,0.09014255329966545,0.005810888920677826,1.3860169053077698,0.6932080626487732,1.4057338118553162,0.6730137228965759
92,0.09103631004691123,0.09010077565908432,0.0019539744243957102,1.3859530925750732,0.6932895004749298,1.4052056074142456,0.6712367713451386
93,0.08981226906180381,0.09005571529269218,0.003108171941130422,1.3859808683395385,0.693289864063263,1.4069094896316527,0.6715433299541473
94,0.09008309245109558,0.09000393599271775,0.00477793159079738,1.385916030406952,0.6933303356170655,1.4064976215362548,0.6749343812465668
95,0.08819529190659522,0.08995606526732444,0.006808239093516022,1.385899019241333,0.6932213366031647,1.4093246698379516,0.67549067735672
96,0.0892880879342556,0.08991042077541352,0.0030696120869833977,1.3859622359275818,0.6932251453399658,1.4031728029251098,0.6820058465003968
97,0.09099081456661225,0.08986014872789383,0.004062264750245959,1.385999071598053,0.693238627910614,1.3970983505249024,0.6875791549682617
98,0.09229630902409554,0.08981747329235076,0.00660978440719191,1.3858394980430604,0.6932705581188202,1.3928818583488465,0.6928471267223358
99,0.09104207307100295,0.08977385386824607,0.004082726972410455,1.3860984683036803,0.693197762966156,1.386700487136841,0.6996987700462342
100,0.0907723419368267,0.08973259776830673,0.005241358233615756,1.3858803510665894,0.6932763695716858,1.3788081645965575,0.7072071194648742
101,0.09040322303771972,0.0896982841193676,0.006303903239313513,1.38588547706604,0.6933089017868042,1.3758413791656494,0.710417914390564
102,0.08925819620490075,0.08966341316699981,0.007632672961335629,1.385963499546051,0.6932726621627807,1.3726357817649841,0.7159907281398773
103,0.09128294736146927,0.08963295742869377,0.004522272042231634,1.3860563397407533,0.6932215452194214,1.3658769249916076,0.7212470531463623
104,0.09188848957419396,0.08960007727146149,0.006469286570791155,1.3859806895256042,0.6931588351726532,1.3619416117668153,0.7229347169399262
105,0.08927088528871537,0.08956979885697365,0.008201944446773269,1.3857281446456908,0.6933343887329102,1.3623202562332153,0.7252241849899292
106,0.09167318120598793,0.08954584077000619,0.005083645170088857,1.386035406589508,0.6932433724403382,1.3658118844032288,0.722340190410614
107,0.09045461788773537,0.08951152041554451,0.005234511545859277,1.3860151529312135,0.693259596824646,1.363270628452301,0.7239048540592193
108,0.08865737393498421,0.08948313891887665,0.005518048338126391,1.3860814452171326,0.6931538939476013,1.3640252113342286,0.7233286440372467
109,0.09137991070747375,0.08944847136735916,0.005121753644198179,1.3860429525375366,0.6932193696498871,1.364998733997345,0.7198818683624267
110,0.09023396968841553,0.08942101001739503,0.004425089940195903,1.3858534216880798,0.6933365583419799,1.3647438645362855,0.7196555078029633
111,0.08935883566737175,0.0893846869468689,0.006643125531263649,1.3859379410743713,0.6932235598564148,1.369707500934601,0.7151174008846283
112,0.0911896824836731,0.08935491964221001,0.004288001026725397,1.3860198855400085,0.6932312369346618,1.3721876978874206,0.7118425726890564
113,0.08782758265733719,0.08931794166564941,0.002999799232929945,1.385995376110077,0.6932277679443359,1.3721422910690309,0.709700208902359
114,0.08941840529441833,0.08928642272949219,0.00502434951486066,1.3860355377197267,0.6932792484760284,1.3747342586517335,0.7065999865531921
115,0.08943694829940796,0.08925182744860649,0.0048890699981711805,1.3860072255134583,0.6932568848133087,1.379552960395813,0.7033681988716125
116,0.09184646755456924,0.08921752646565437,0.006302982510533184,1.3859774470329285,0.6932961404323578,1.3812435626983643,0.7008307456970215
117,0.08890393450856209,0.08917166516184807,0.010783674055710435,1.3860957980155946,0.693220442533493,1.38402259349823,0.6970601618289948
118,0.08735122084617615,0.08913972154259682,0.004970418626908213,1.3857483863830566,0.6933512389659882,1.3834489583969116,0.6963687896728515
119,0.08940655440092087,0.08910516425967216,0.007046036550309509,1.3859601497650147,0.6933499455451966,1.387623119354248,0.6935485541820526
120,0.0901030421257019,0.08906460776925088,0.00672475915052928,1.3860759258270263,0.6931528389453888,1.3907216429710387,0.6902571797370911
121,0.09307906329631806,0.08902200609445572,0.004878244455903768,1.3858259677886964,0.6933045387268066,1.3899791359901428,0.6907270789146424
122,0.09122604206204414,0.08897979632019996,0.002542375141638331,1.3860700249671936,0.6932158708572388,1.3919710636138916,0.6898837387561798
123,0.08874444290995598,0.0889406256377697,0.005647878593299538,1.3860373854637147,0.6931816399097442,1.3916562914848327,0.6906815767288208
124,0.08866344466805458,0.08889802321791648,0.0026360332674812527,1.3860066533088684,0.693271255493164,1.3899430871009826,0.6914478838443756
125,0.0903377428650856,0.08886112868785859,0.002133820267044939,1.3859846472740174,0.6932876944541931,1.3876526474952697,0.693615984916687
126,0.08993576541543007,0.08881560638546944,0.004784793651197106,1.386016047000885,0.6932508289813996,1.3843703866004944,0.6963020622730255
127,0.09013574868440628,0.08877470195293427,0.003958687739213929,1.3859767317771912,0.693273788690567,1.3817347049713136,0.6985307276248932
128,0.08875949457287788,0.08873999118804932,0.007577816379489377,1.38596111536026,0.693315452337265,1.3784210801124572,0.7009572267532349
129,0.08887008428573609,0.08869884461164475,0.006028523965505883,1.3860657572746278,0.6932350814342498,1.3750523567199706,0.7045524299144745
130,0.08803246095776558,0.08865630477666855,0.004235218738904223,1.3858788728713989,0.6933308660984039,1.3709943294525146,0.7083675920963287
131,0.08949424102902412,0.08862806484103203,0.0087721103860531,1.385843813419342,0.6933622896671295,1.3638603448867799,0.7125564992427826
132,0.08979453891515732,0.088595400005579,0.005135238968068734,1.3859981775283814,0.6932338893413543,1.3623188257217407,0.713307923078537
133,0.08860004544258118,0.08856490403413772,0.004175666405353695,1.3858741760253905,0.6932860374450683,1.3594981551170349,0.7156596004962921
134,0.0904586635529995,0.08853436335921287,0.004748716385802254,1.3861169219017029,0.6931922733783722,1.3547652244567872,0.7184930503368377
135,0.09043611586093903,0.08850382417440414,0.004066535230958834,1.3859165787696839,0.6932963013648987,1.352086365222931,0.7199108004570007
136,0.08961101025342941,0.08847816213965416,0.004446964536327869,1.3860159993171692,0.6932261884212494,1.3503957867622376,0.72045539021492
137,0.0893873155117035,0.08844958618283272,0.005831636936636642,1.385988748073578,0.6933055698871613,1.351325225830078,0.7185192465782165
138,0.08917392566800117,0.08842232003808022,0.01091078101308085,1.3858564257621766,0.6932924568653107,1.3529959559440612,0.7151702046394348
139,0.08864016458392143,0.08839946240186691,0.0026327235100325197,1.385870099067688,0.6932899355888367,1.3568663120269775,0.709272277355194
140,0.09018535614013672,0.08836967796087265,0.003806908777914941,1.3859814167022706,0.6932496964931488,1.362253761291504,0.7038949251174926
141,0.08669643104076385,0.08834468945860863,0.0032374108908697964,1.3859500765800477,0.6932328343391418,1.3721979022026063,0.6952034831047058
142,0.088030593842268,0.08831380605697632,0.0035121285764034837,1.3860287427902223,0.6932490527629852,1.3812394857406616,0.6877816081047058
143,0.08908291757106782,0.08827582150697708,0.003919827681966126,1.385951328277588,0.6932590246200562,1.3878102898597717,0.68261159658432
144,0.09006852433085441,0.08824336677789688,0.01017580798070412,1.3860769391059875,0.6931902647018433,1.39411803483963,0.6764453470706939
145,0.08935681208968163,0.08819274976849556,0.00476953691104427,1.3859670162200928,0.6932801723480224,1.4034852027893066,0.6717100024223328
146,0.0880525417625904,0.08815532624721527,0.00378989566816017,1.3857856392860413,0.6933007538318634,1.4083198308944702,0.6711485266685486
147,0.08807155713438988,0.08811433464288712,0.005280919524375349,1.3858867645263673,0.693350076675415,1.4072872519493103,0.6730260491371155
148,0.0864686481654644,0.08806153386831284,0.002918223405140452,1.3859376668930055,0.6932389557361602,1.4063189029693604,0.6756597876548767
149,0.08703080341219901,0.08801622316241264,0.007770349155180156,1.3859736442565918,0.6932968080043793,1.4026943445205688,0.6819772064685822
150,0.08908188119530677,0.08796996399760246,0.00560415256768465,1.385995864868164,0.6932097792625427,1.395984172821045,0.6904097080230713
151,0.0901379257440567,0.08791903480887413,0.0027487422834383325,1.386005973815918,0.6932208359241485,1.389642560482025,0.6986170411109924
152,0.08973620608448982,0.08787629529833793,0.004134311317466199,1.3860068321228027,0.6932304501533508,1.3831584930419922,0.7054697632789612
153,0.08818445429205894,0.08783762082457543,0.006973881734302268,1.3857850551605224,0.6932653427124024,1.3757829785346984,0.71362144947052
154,0.08826675936579705,0.08780401647090912,0.004075958451721817,1.3857889294624328,0.6933696806430817,1.3703472018241882,0.7184878647327423
155,0.08748569786548614,0.08776524141430855,0.003502968727843836,1.3858975529670716,0.693261194229126,1.3670005917549133,0.723581713438034
156,0.08922410830855369,0.087726891040802,0.002240327768959105,1.385959005355835,0.6932696640491486,1.3637644052505493,0.7270223319530487
157,0.09055012539029121,0.08769741654396057,0.0018566087761428206,1.385959231853485,0.6932115674018859,1.3641610741615295,0.7271113932132721
158,0.08770443201065063,0.08765679597854614,0.0012774209317285568,1.3859096765518188,0.6933033764362335,1.361010730266571,0.7259810507297516
159,0.08980958163738251,0.08762826249003411,0.0027527248137630524,1.3859118938446044,0.6932720482349396,1.368134903907776,0.721649295091629
160,0.08804359585046768,0.08759229257702827,0.00631891967204865,1.3859776258468628,0.6932908356189728,1.3722007274627686,0.7174133598804474
161,0.08670897930860519,0.08754274919629097,0.004378722549881786,1.3861068129539489,0.6931039214134216,1.3735570430755615,0.7121284604072571
162,0.08963241502642631,0.0875111237168312,0.005761526699643582,1.385985052585602,0.693278306722641,1.3770353317260742,0.710370397567749
163,0.08802101388573647,0.08746325224637985,0.004926806583534926,1.3858219504356384,0.6933638155460358,1.3830723643302918,0.7059378385543823
164,0.08729657605290413,0.08741469830274581,0.0029237473878310992,1.385927712917328,0.6932222247123718,1.3877174854278564,0.7009726464748383
165,0.08923480063676834,0.08737181052565575,0.0026336707844166083,1.3860554218292236,0.6932429671287537,1.388781976699829,0.7001283705234528
166,0.08597105368971825,0.08731605485081673,0.0017477269168011845,1.38604679107666,0.6932177186012268,1.3867334723472595,0.7004617333412171
167,0.08751041144132614,0.08727965503931046,0.00196559420437552,1.3858388543128968,0.6933255970478058,1.388017463684082,0.6999571681022644
168,0.0874049611389637,0.08722395971417427,0.009007519274018706,1.3859052181243896,0.6932973206043244,1.3870527148246765,0.7016800165176391
169,0.08965194225311279,0.08717907071113587,0.002395359269576147,1.3859283924102783,0.6932956457138062,1.3800299882888794,0.7060854256153106
170,0.08677403330802917,0.08713288009166717,0.006093228890676983,1.3858892917633057,0.6932914197444916,1.3782874941825867,0.708386766910553
171,0.08548378050327302,0.08709186911582947,0.004674690632964484,1.3858015418052674,0.6933723866939545,1.3761517405509949,0.7096842706203461
172,0.08682787120342254,0.08705580905079842,0.005648386292159557,1.3857430458068847,0.6933606147766114,1.3731198191642762,0.7136408805847168
173,0.08793015703558922,0.08702037110924721,0.004557520360685885,1.3859556794166565,0.693136066198349,1.3705196499824523,0.715152245759964
174,0.09076233580708504,0.08699134811758995,0.0023151568020693958,1.3859520316123963,0.6932866990566253,1.366270697116852,0.7184443950653077
175,0.09020046144723892,0.0869572900235653,0.004644509416539222,1.3861602425575257,0.6931715428829193,1.3648945927619933,0.7188165009021759
176,0.08680273219943047,0.0869372233748436,0.0053497211105423045,1.3860888600349426,0.6932301342487335,1.3648199319839478,0.7173355460166931
177,0.08642958700656891,0.08691099584102631,0.003861199994571507,1.3859273433685302,0.6933210790157318,1.367290198802948,0.7160560250282287
178,0.08829711899161338,0.08688671961426735,0.002775567802018486,1.385949468612671,0.6932900965213775,1.3701902627944946,0.711098563671112
179,0.08751595243811608,0.08686399385333061,0.005099968466674909,1.3860466122627257,0.6932628512382507,1.3732086420059204,0.7070506572723388
180,0.08843625187873841,0.08682604804635048,0.0037968390563037245,1.3859160900115968,0.6932510375976563,1.3789602756500243,0.701921033859253
181,0.08646914511919021,0.08680322542786598,0.005057291296543554,1.385829997062683,0.6933273911476135,1.3879417896270752,0.6925409734249115
182,0.08685106039047241,0.08676288947463036,0.008319888642290607,1.3859735608100892,0.6932635843753815,1.3927724838256836,0.6875678837299347
183,0.08609587252140045,0.08672903850674629,0.002660474655567668,1.3857616305351257,0.6933899044990539,1.4040796160697937,0.6797936677932739
184,0.08741620257496834,0.08667967021465302,0.0026197806393611243,1.3859578251838685,0.6933701455593109,1.4082247018814087,0.675297099351883
185,0.08826288729906082,0.08664317429065704,0.005541003786493093,1.3858709692955018,0.6932614982128144,1.4090212106704711,0.6766542792320251
186,0.08655542805790901,0.08659447208046914,0.006508027832023799,1.3860483169555664,0.6932910978794098,1.4066306233406067,0.6806952714920044
187,0.08853209167718887,0.08654778748750687,0.0034625121887074785,1.3859987139701844,0.6932356834411622,1.4002553820610046,0.6850282549858093
188,0.08824608996510505,0.08651477545499801,0.0045773715944960715,1.3859518051147461,0.69328852891922,1.395086681842804,0.6919490814208984
189,0.08777184933423995,0.08647705242037773,0.003979005130531732,1.3859557628631591,0.6932471215724945,1.386308753490448,0.7007569134235382
190,0.0872024118900299,0.08644606918096542,0.005427887343103066,1.3860442161560058,0.6933060407638549,1.3817887544631957,0.7068972170352936
191,0.08719972223043441,0.08642336428165436,0.0039991113793803375,1.385949397087097,0.6932986855506897,1.3755694508552552,0.7138042747974396
192,0.08711399137973785,0.08640097677707673,0.0030026949767488985,1.3859320640563966,0.6933628559112549,1.3681203603744507,0.7200928688049316
193,0.08756626248359681,0.08638780117034912,0.003987777512520552,1.3859260439872743,0.693277382850647,1.3656819343566895,0.7248794674873352
194,0.08531852439045906,0.08637308105826377,0.005112686409847811,1.3859357595443726,0.6932107925415039,1.3634190678596496,0.723919254541397
195,0.08655180782079697,0.08637502267956734,0.0014191344962455332,1.385934329032898,0.6932425916194915,1.3666772842407227,0.7231862425804139
196,0.08650138676166534,0.08636586666107178,0.0046002359420526774,1.3860122442245484,0.6933151423931122,1.3718827843666077,0.7182811975479126
197,0.08766056820750237,0.08636008054018021,0.004022909485502169,1.3860204577445985,0.6932331144809722,1.37804514169693,0.7100611925125122
198,0.08795052990317345,0.08633921965956688,0.0047476623090915385,1.3860475659370421,0.6932014524936676,1.3901530504226685,0.6977709949016571
199,0.08634240701794624,0.08631055653095246,0.002953003504080698,1.385863709449768,0.6933446049690246,1.40487961769104,0.6856406092643738
200,0.08583532720804214,0.08626728802919388,0.002536640749895014,1.385926401615143,0.6933411657810211,1.4110928773880005,0.6777619063854218
201,0.0854476772248745,0.08621840998530388,0.0039562710124300795,1.3859068989753722,0.6932293713092804,1.417993950843811,0.6727856814861297
202,0.08425961285829545,0.08616699501872063,0.0048558522190433,1.385895311832428,0.6933083951473236,1.4198835492134094,0.6729005455970765
203,0.08732436001300811,0.08610299527645111,0.002038178118527867,1.3859787464141846,0.6932307720184326,1.420391595363617,0.6727685809135437
204,0.08780710622668267,0.08605399429798126,0.006014553233399056,1.3858642578125,0.6932888805866242,1.4158816576004027,0.6770669102668763
205,0.08847581446170807,0.08598792925477028,0.002308466666727327,1.3858797192573546,0.6932571113109589,1.4079947471618652,0.6845518112182617
206,0.08583914041519165,0.08593607321381569,0.0034352583810687066,1.3860319256782532,0.693247652053833,1.4009887814521789,0.6904835760593414
207,0.08687846958637238,0.08588885813951493,0.0029441766266245393,1.3858816981315614,0.6933850526809693,1.3927506804466248,0.6995974779129028
208,0.08586752340197563,0.08584794327616692,0.002947258419590071,1.385991108417511,0.6932623744010925,1.3859726428985595,0.7057339668273925
209,0.08649417832493782,0.08580664917826653,0.004074096801923588,1.3860387325286865,0.6932559072971344,1.3768764734268188,0.7142062246799469
210,0.08802931159734725,0.08576866239309311,0.004153005045372993,1.3860014081001282,0.6932501494884491,1.3701498866081239,0.7208356380462646
211,0.08641235306859016,0.08574559092521668,0.005109549895860255,1.3859207510948182,0.6932544350624085,1.363510525226593,0.7258385956287384
212,0.08715055361390114,0.08572668135166168,0.002646326820831746,1.3857977151870728,0.693335908651352,1.357008934020996,0.7305638194084167
213,0.08661458939313889,0.0857127383351326,0.0026298899960238487,1.386014199256897,0.6932563424110413,1.3529999136924744,0.733440899848938
214,0.08566388413310051,0.08570222184062004,0.001767494235537015,1.3859755516052246,0.6931190192699432,1.3530964016914369,0.7331419706344604
215,0.08686814308166504,0.08569553568959236,0.005011089140316472,1.3860381245613098,0.6932351648807525,1.3527451872825622,0.7306056201457978
216,0.08658748269081115,0.08569264560937881,0.004466388240689412,1.385844337940216,0.6933606028556824,1.3556357383728028,0.725955194234848
217,0.08602533116936684,0.08567549660801888,0.008502969110850245,1.3859508514404297,0.6932888150215148,1.359279990196228,0.7195865869522095
218,0.08659173622727394,0.08566281497478485,0.0024966256896732375,1.3859217166900635,0.6932567834854126,1.365939688682556,0.7105368196964263
219,0.08520319536328316,0.08565695434808732,0.004432187648490071,1.3858761429786681,0.6932775735855102,1.3754751443862916,0.6998528957366943
220,0.08509706631302834,0.08562472835183144,0.005948925024131313,1.3858701467514039,0.6933258533477783,1.3844757437705995,0.690470564365387
221,0.08667494356632233,0.08559675142168999,0.00186844484123867,1.3859439134597777,0.6932755470275879,1.392018973827362,0.6820849359035492
222,0.08717776909470558,0.08555886521935463,0.0051554765464970845,1.3859901547431945,0.693292897939682,1.4012439966201782,0.6735849201679229
223,0.08575850203633309,0.0855031169950962,0.0027989571972284466,1.385844087600708,0.6933331727981568,1.4077597260475159,0.6682190477848053
224,0.08363798335194587,0.0854554072022438,0.00293975742533803,1.385833704471588,0.6933700144290924,1.413983166217804,0.6628128588199615
225,0.0853416346013546,0.08538441956043244,0.0029401247680652886,1.385725772380829,0.6934086382389069,1.4155577898025513,0.6609074532985687
226,0.08612701371312141,0.08531462326645851,0.001965304699842818,1.3860055327415466,0.6931462466716767,1.4149322390556336,0.6613125801086426
227,0.08865851685404777,0.0852578490972519,0.004765278490958735,1.3858410716056824,0.6933363676071167,1.4155840396881103,0.661562842130661
228,0.08812073171138764,0.08519084230065346,0.009044808312319219,1.385894501209259,0.6931759178638458,1.4123425841331483,0.6653868973255157
229,0.08522991240024566,0.08513067290186882,0.0024135735613526775,1.385968518257141,0.6932927429676056,1.4066240549087525,0.6702642560005188
230,0.08456260710954666,0.08506996631622314,0.003206626564497128,1.3859761238098145,0.693286943435669,1.4014591574668884,0.6760339856147766
231,0.08650095909833908,0.08501254692673683,0.00568593914504163,1.385834264755249,0.6933066010475158,1.3954099655151366,0.6820303320884704
232,0.08594670742750168,0.08496321961283684,0.004053740378003568,1.3860488772392272,0.6932610034942627,1.3885899305343627,0.6876919567584991
233,0.08598027899861335,0.08492040857672692,0.0021569571603322403,1.385857093334198,0.6932854056358337,1.38300359249115,0.6934969484806061
234,0.08456415459513664,0.08489020839333535,0.0065293594787362965,1.385903549194336,0.6933088183403016,1.3759449243545532,0.6987021267414093
235,0.08501998409628868,0.08485616594552994,0.004915745244943537,1.3859259009361267,0.6933162331581115,1.3724129438400268,0.7032190144062043
236,0.08448203355073929,0.08483388125896454,0.0037807812972459943,1.3859052777290344,0.693391638994217,1.3683809399604798,0.7064689517021179
237,0.08514337986707687,0.08481811285018921,0.0033545609330758452,1.385836410522461,0.6933499991893768,1.3665336608886718,0.7082606852054596
238,0.08665879294276238,0.08480921387672424,0.0029123854998033493,1.3858964562416076,0.693274861574173,1.36360764503479,0.7094229102134705
239,0.08466603308916092,0.08479194864630699,0.0049413363623898475,1.3856547474861145,0.6934060394763947,1.3628153800964355,0.709281724691391
240,0.08703978359699249,0.08477980196475983,0.005578609497752041,1.3857988476753236,0.6932613849639893,1.3642298221588134,0.7071047842502594
241,0.0858582727611065,0.08476867750287057,0.0025711671623867005,1.3858868479728699,0.6932812809944153,1.3655175566673279,0.703262346982956
242,0.0865144781768322,0.08474921956658363,0.0034154280088841914,1.3859374403953553,0.6932386696338654,1.3684261441230774,0.7004784047603607
243,0.08522511944174767,0.0847316987812519,0.0047340105928014966,1.3857166767120361,0.6933447241783142,1.3735530614852904,0.6952161669731141
244,0.08540227487683297,0.08470635563135147,0.005277159009710886,1.3859413862228394,0.6932868599891663,1.376094603538513,0.6906143546104431
245,0.08518500998616219,0.0846850723028183,0.002531854569679126,1.3857823610305786,0.6933404862880707,1.3802037239074707,0.6862438261508942
246,0.08623338565230369,0.08465049937367439,0.0017533117526909337,1.3859699249267579,0.6933379590511322,1.382029128074646,0.6826248228549957
247,0.08355128914117813,0.08461173251271248,0.006579533684998751,1.386043667793274,0.6931982815265656,1.3873166918754578,0.6800696134567261
248,0.0846308097243309,0.08457673117518424,0.002774617410614155,1.3859789729118348,0.693226981163025,1.387956690788269,0.6777575492858887
249,0.08450343683362008,0.08452726155519485,0.005166270799236372,1.3859390377998353,0.6933202922344208,1.3895471334457397,0.6754728436470032
250,0.08581598252058029,0.08447419553995132,0.003921596237341873,1.3858740687370301,0.6932856678962708,1.393660569190979,0.673975259065628
251,0.08579424619674683,0.08442205265164375,0.004276217849110253,1.3861068487167358,0.6932048082351685,1.3914397478103637,0.6745169043540955
252,0.08438705056905746,0.08435938432812691,0.004126813064794987,1.3857635021209718,0.6934104561805725,1.3881839394569397,0.6763751089572907
253,0.0839009515941143,0.08430521562695503,0.001572598033817485,1.3858075618743897,0.6933804392814636,1.3859654307365417,0.6792686223983765
254,0.08408747613430023,0.08425225093960761,0.002410074754152447,1.3860178112983703,0.6931926965713501,1.3847522616386414,0.6837011277675629
255,0.08306320235133172,0.08419456407427788,0.0016427716123871504,1.3860273241996766,0.6932605266571045,1.3787943124771118,0.688288277387619
256,0.08402341976761818,0.08414048627018929,0.003559258789755404,1.3859341740608215,0.6932377517223358,1.3716065287590027,0.69378462433815
257,0.08600834533572196,0.08409446477890015,0.0025443722377531232,1.3858538150787354,0.6932714104652404,1.3648231983184815,0.7003094732761384
258,0.08629321828484535,0.08404983133077622,0.00363691319944337,1.3860490322113037,0.6932428419589997,1.359622871875763,0.7063168525695801
259,0.08382315635681152,0.08401358798146248,0.0012277010420802981,1.3859117865562438,0.6932640433311462,1.3529109716415406,0.7128433465957642
260,0.08531172052025796,0.08398605361580849,0.0012690345000009983,1.385745072364807,0.693391638994217,1.3459762930870056,0.7187916934490204
261,0.08386584147810935,0.08395231887698174,0.002767732640495524,1.3860116958618165,0.6933079540729523,1.3421220064163208,0.7226409792900086
262,0.0842216432094574,0.08393134623765945,0.0018592721549794077,1.385802185535431,0.6932833671569825,1.3396262288093568,0.7252570748329162
263,0.08703245222568512,0.08391965851187706,0.00966899773629848,1.3860167503356933,0.6932832896709442,1.3346839547157288,0.7281459331512451
264,0.08463856056332589,0.08390249535441399,0.0033374824706697837,1.3859993457794189,0.693324601650238,1.336898672580719,0.7253143846988678
265,0.08461345955729485,0.08389026895165444,0.0032084490638226272,1.3858890891075135,0.6933843493461609,1.3417166590690612,0.7218289971351624
266,0.08518428802490234,0.0838773526251316,0.0019512365048285573,1.3859236001968385,0.6932527124881744,1.3496950626373292,0.7118469774723053
267,0.08342658951878548,0.08385971859097481,0.0016008986363885923,1.386073112487793,0.6932225286960602,1.3633432745933534,0.6992534816265106
268,0.08498909175395966,0.08383936285972596,0.002299460070207715,1.385944628715515,0.6932720303535461,1.374283003807068,0.686229008436203
269,0.0842473141849041,0.08380303457379341,0.003174651152221486,1.385818099975586,0.693422132730484,1.394059658050537,0.667410260438919
270,0.0847155436873436,0.08374767079949379,0.001959216402610764,1.3859463691711427,0.693264764547348,1.4153513073921205,0.6505102038383483
271,0.08460893929004669,0.08366192281246185,0.000966948748100549,1.385908269882202,0.6932485818862915,1.4324448227882385,0.6401034772396088
272,0.08279790058732032,0.08357389867305756,0.0013782791182165965,1.3858760833740233,0.6932684361934662,1.4447429895401,0.6293200492858887
273,0.0833406426012516,0.08349014669656754,0.00124995187507011,1.385913622379303,0.6933745920658112,1.4458606481552123,0.6306149780750274
274,0.08384365811944008,0.08339571058750153,0.0021686608641175555,1.3859497785568238,0.6932648956775666,1.4430117845535277,0.6353801727294922
275,0.08466226533055306,0.08330507129430771,0.002213353995466605,1.3859011650085449,0.6932802557945251,1.4316948294639587,0.6440353751182556
276,0.08387871161103248,0.08323468118906022,0.0012452129652956502,1.3857756853103638,0.6933005750179291,1.4246429443359374,0.6530428349971771
277,0.0818043440580368,0.08315248265862465,0.0031034263723995537,1.3858147263526917,0.6933718740940094,1.4131831049919128,0.6638942182064056
278,0.08254769816994667,0.08306997790932655,0.0024442373105557635,1.385723638534546,0.6934147834777832,1.4017613172531127,0.6737010419368744
279,0.08333470523357392,0.08302984237670899,0.0012699581333436073,1.385913336277008,0.6932089686393738,1.3915159106254578,0.6849562525749207
280,0.08696823641657829,0.08297791481018066,0.0036222837487002836,1.3860069632530212,0.6932081341743469,1.3820004105567931,0.6954541206359863
281,0.08557841628789901,0.08293690681457519,0.0020076805842109023,1.386062753200531,0.693189138174057,1.370691466331482,0.7060941874980926
282,0.08327034786343575,0.08290339708328247,0.0019252129248343408,1.3857998609542848,0.6932751178741455,1.362054431438446,0.7156750440597535
283,0.08196083381772042,0.08287559822201729,0.004609428095864132,1.3858877778053285,0.6933240711688995,1.3528451323509216,0.7238714575767518
284,0.08478386029601097,0.08286207616329193,0.0019003977329703047,1.3857751131057738,0.6932383358478547,1.3475679636001587,0.7309475541114807
285,0.08379583284258843,0.08284249007701874,0.0014323113893624396,1.3858557224273682,0.6932713031768799,1.341602909564972,0.7366517066955567
286,0.08347675427794457,0.08285309597849846,0.010319895803695545,1.3858708620071412,0.6932224869728089,1.338724434375763,0.7384548664093018
287,0.08259419798851013,0.08285031616687774,0.004890757944667712,1.3858704686164856,0.6932954728603363,1.339272129535675,0.740340667963028
288,0.08328904658555984,0.08287031129002571,0.0027038704152801073,1.3858504176139832,0.6932441115379333,1.3390777587890625,0.7363320231437683
289,0.0826155737042427,0.08287570178508759,0.0021879974519833922,1.3859498381614686,0.6934015095233917,1.345494842529297,0.7315177381038666
290,0.08287510722875595,0.08287548720836639,0.007380021965946071,1.3858495116233827,0.6933666467666626,1.3472752928733827,0.7260168373584748
291,0.08475492000579835,0.0828789383172989,0.0028326399478828534,1.3859156847000123,0.6933128058910369,1.3565827488899231,0.7185066938400269
292,0.083100625872612,0.08286822810769082,0.005615266007953324,1.3858952641487121,0.6933097064495086,1.365442156791687,0.7104499101638794
293,0.08491526916623116,0.08284804224967957,0.0048890398989897225,1.3858023762702942,0.6933239459991455,1.375488805770874,0.6990888476371765
294,0.08347131386399269,0.0828012503683567,0.001996020799560938,1.3857925534248352,0.6932922840118408,1.3827092528343201,0.6923863112926483
295,0.08477917239069939,0.08276252821087837,0.002924896495824214,1.3860019326210022,0.6932540893554687,1.3861339449882508,0.6863137483596802
296,0.08319202288985253,0.08271767571568489,0.002537749332259409,1.3860116839408874,0.6933713316917419,1.391472339630127,0.6830311417579651
297,0.08345233649015427,0.08265461698174477,0.004701485112309456,1.3858132362365723,0.6933629155158997,1.3946612000465393,0.6802114248275757
298,0.08323138281702995,0.08260245323181152,0.0019529228360624985,1.3859967470169068,0.6932502150535583,1.3965080618858337,0.67873894572258
299,0.08366435766220093,0.08254639580845832,0.009354006324429065,1.3857680201530456,0.6933079779148101,1.3979883193969727,0.6776548147201538
300,0.08144410997629166,0.08248285502195359,0.0013277199410367756,1.3858013987541198,0.6932898879051208,1.3953861355781556,0.6803822636604309
301,0.08243042975664139,0.08243040218949318,0.0011366766528226435,1.3860637426376343,0.6932308852672577,1.3934645295143127,0.6812325239181518
302,0.08266323134303093,0.08236490413546563,0.0023565976764075456,1.385936963558197,0.6932677745819091,1.3950326085090636,0.6816808223724365
303,0.0830977588891983,0.0823061041533947,0.0022228064073715357,1.3858813524246216,0.6934016525745392,1.3906238675117493,0.6838570356369018
304,0.08361949771642685,0.08224580511450767,0.0018706472270423546,1.3859331250190734,0.6932431697845459,1.3859277606010436,0.6872691810131073
305,0.08247010633349419,0.08218744322657585,0.004835993776214309,1.3856733679771422,0.6934427917003632,1.3840701937675477,0.6899190127849579
306,0.08197240307927131,0.08213779032230377,0.003798855689819902,1.3858140349388122,0.693281477689743,1.3800041198730468,0.6934955298900605
307,0.08197048231959343,0.0820845477283001,0.0028802990011172367,1.385817861557007,0.6932745933532715,1.3754080176353454,0.6968379616737366
308,0.0805876687169075,0.08203215822577477,0.0031817742332350464,1.3859165072441102,0.6932962000370025,1.3713473677635193,0.7001388192176818
309,0.08180883824825287,0.0819767028093338,0.0027905348615604453,1.385895884037018,0.6932267427444458,1.3694494366645813,0.7019697189331054
310,0.08397343456745147,0.08192207366228103,0.002183596800023224,1.3858623266220094,0.6932862818241119,1.3680240392684937,0.7030623495578766
311,0.08399285823106765,0.08186901733279228,0.0024252248142147435,1.3860678195953369,0.6931752502918244,1.3671931982040406,0.7047824800014496
312,0.08198840469121933,0.08182836547493935,0.0014847394893877208,1.3859373450279235,0.6932741403579712,1.3648066401481629,0.7061900556087494
313,0.08267202526330948,0.08178129568696021,0.0019990664295619354,1.385857307910919,0.693328595161438,1.363524353504181,0.7068356335163116
314,0.08100292161107063,0.08173024654388428,0.002925330921425484,1.3859815716743469,0.6933112263679504,1.3640999794006348,0.7072434663772583
315,0.08274138569831849,0.0816925585269928,0.004419124027481303,1.3857034683227538,0.6933320760726929,1.3632550477981566,0.7078822791576386
316,0.08421433195471764,0.08165233433246613,0.0016878473310498522,1.3859822392463683,0.6932046055793762,1.3633736968040466,0.7093563616275788
317,0.08243846595287323,0.08160937502980233,0.001010266170487739,1.3858992099761962,0.6932891607284546,1.3640463590621947,0.7101230323314667
318,0.08235987797379493,0.08156412914395332,0.0030397565860766917,1.3858596920967101,0.6933668434619904,1.3584707379341125,0.7130518436431885
319,0.08273707628250122,0.08151482865214348,0.001999710930977017,1.3860113859176635,0.6931697607040406,1.3609241485595702,0.7131687998771667
320,0.08143108114600181,0.08147564679384231,0.0038549014658201485,1.3859524607658387,0.6932575285434723,1.3612326025962829,0.7141212046146392
321,0.08184699118137359,0.08143907487392425,0.0018977176761836745,1.3859814405441284,0.6932121157646179,1.3619427680969238,0.7147174715995789
322,0.08262901455163955,0.08138932660222054,0.0016980811749817803,1.3858299016952516,0.6932969510555267,1.3642440676689147,0.7135174930095672
323,0.08175986409187316,0.08136578127741814,0.003194757224991918,1.385862946510315,0.6932980716228485,1.3664759397506714,0.7106249451637268
324,0.08197508975863457,0.08132653012871742,0.0027857321809278803,1.3858069896697998,0.6933271765708924,1.370046615600586,0.7063158273696899
325,0.08166187033057212,0.08127962127327919,0.0009449509539990686,1.385889756679535,0.6931887269020081,1.3788678646087646,0.7014274716377258
326,0.08050483912229538,0.08124726638197899,0.0022496932622743772,1.3857767820358275,0.6934118330478668,1.3839840769767762,0.6949361622333526
327,0.08174272850155831,0.0812141865491867,0.0038180322968401014,1.3856583476066588,0.6932590246200562,1.3879107236862183,0.6937386870384217
328,0.08190158158540725,0.08116135895252227,0.0037546799692790957,1.3859988927841187,0.693286520242691,1.3960664868354797,0.6877464234828949
329,0.08253273516893386,0.08111628144979477,0.0048465043044416236,1.3857152938842774,0.6933575451374054,1.4001709938049316,0.6878600120544434
330,0.0796711765229702,0.08106848523020745,0.005103310628328472,1.3859405875205995,0.6933178067207336,1.3947935223579406,0.6935582816600799
331,0.08077004253864288,0.08101487681269645,0.0026110630278708413,1.3855435490608214,0.693489420413971,1.3921114802360535,0.6989878356456757
332,0.08125184252858161,0.0809752456843853,0.001389215560629964,1.3860474348068237,0.6932756900787354,1.3856453776359559,0.7071659207344055
333,0.08411957398056984,0.08092439919710159,0.0007582498066767585,1.3859424948692323,0.693287193775177,1.3804557919502258,0.7145287156105041
334,0.0839150793850422,0.08090431839227677,0.0008477666007820517,1.3859585404396058,0.6932662069797516,1.3761805057525636,0.7215693712234497
335,0.0813909575343132,0.08088437542319298,0.0012356840714346617,1.3859477877616881,0.6932651340961457,1.376063346862793,0.7223637044429779
336,0.07940500006079673,0.08084710538387299,0.004989028806448914,1.3857157707214356,0.693369311094284,1.3748048186302184,0.7247851848602295
337,0.08282332867383957,0.08081297278404236,0.007279837559326552,1.3858800530433655,0.6932375073432923,1.3747233748435974,0.7238652646541596
338,0.08191415518522263,0.08080374822020531,0.002201833258732222,1.385805344581604,0.6933516383171081,1.3766749858856202,0.723416405916214
339,0.08135984688997269,0.08077609762549401,0.00201251951220911,1.3860705852508546,0.6932191669940948,1.376429808139801,0.7205602824687958
340,0.08069666922092437,0.08073680847883224,0.002154605378746055,1.3858718872070312,0.6933242321014405,1.378318440914154,0.7208398699760437
341,0.0814410276710987,0.08068620041012764,0.003638468644930981,1.3860453486442565,0.6932385623455047,1.3780211448669433,0.7189604640007019
342,0.07970548495650291,0.08065082058310509,0.0016929595149122179,1.38578542470932,0.6934152603149414,1.37871994972229,0.7193208396434784
343,0.08080788403749466,0.08060711622238159,0.002400742153986357,1.385847234725952,0.6932891607284546,1.3769711256027222,0.7182096779346466
344,0.082462989538908,0.08056931346654891,0.002492238220293075,1.38578622341156,0.6933438122272492,1.3759890437126159,0.720213770866394
345,0.08004253059625625,0.08053881600499153,0.003519968662294559,1.3860241889953613,0.6933245539665223,1.3767862439155578,0.7167962849140167
346,0.08252955079078675,0.0804938554763794,0.0012732384726405143,1.3857245922088623,0.6932922184467316,1.3747948169708253,0.7162934184074402
347,0.08093028590083122,0.08046024367213249,0.007191473827697336,1.3859458565711975,0.6932662427425385,1.3761584520339967,0.7149534702301026
348,0.08247004374861718,0.08041349202394485,0.005578385613625869,1.385901391506195,0.6932098269462585,1.3765647292137146,0.7115124642848969
349,0.08112921491265297,0.08038494139909744,0.001985219435300678,1.385779368877411,0.6933376133441925,1.3826066613197328,0.7080892741680145
350,0.08113599494099617,0.08034327328205108,0.003290647966787219,1.3858354210853576,0.6933915078639984,1.3821380376815795,0.7063550055027008
351,0.08191701248288155,0.0803183525800705,0.0025645480171078818,1.3861438393592835,0.6932208955287933,1.3829407334327697,0.7041266977787017
352,0.08049305155873299,0.08028124645352364,0.013458602208993397,1.3856690049171447,0.693392938375473,1.3892242550849914,0.6994659304618835
353,0.07859906926751137,0.08023905828595161,0.0020726417686091738,1.385880744457245,0.6932467639446258,1.3893193364143372,0.69853515625
354,0.07987430170178414,0.0802118718624115,0.005050132708856836,1.385898971557617,0.6933002769947052,1.3908731460571289,0.6972451567649841
355,0.08073795363306999,0.08016304969787598,0.0016139125713380055,1.3859819889068603,0.6932583153247833,1.390851628780365,0.6975518941879273
356,0.0818380743265152,0.08014104515314102,0.0016197474571526982,1.3859271287918091,0.693340665102005,1.3851016759872437,0.6991708874702454
357,0.08113590031862258,0.08010248318314553,0.0033174196840263905,1.3857953667640686,0.6933184385299682,1.3844965934753417,0.7002265512943268
358,0.08005775436758995,0.08008175268769264,0.0014183555002091452,1.385589611530304,0.6934463381767273,1.3843961238861084,0.7012233197689056
359,0.08016197308897972,0.0800582692027092,0.003157170960912481,1.385974645614624,0.6932966351509094,1.3815650463104248,0.7002488136291504
360,0.07963144034147263,0.08003182485699653,0.005779969175637234,1.3858463883399963,0.6932920575141907,1.3800497889518737,0.7002585768699646
361,0.0790078304708004,0.08001120984554291,0.0011815456644399091,1.3858628034591676,0.69335435628891,1.3816367626190185,0.7009572327136994
362,0.07987954914569854,0.07998984903097153,0.0018707985145738348,1.3859781861305236,0.6932281255722046,1.3792333006858826,0.7001166343688965
363,0.08113264441490173,0.07997117638587951,0.0018448886228725314,1.3858577370643617,0.6933075547218323,1.375440490245819,0.7019682347774505
364,0.08259494230151176,0.07993804812431335,0.004148960165912286,1.3859880328178407,0.693217808008194,1.3761354804039,0.7022869169712067
365,0.07949971184134483,0.07992369383573532,0.0018093109159963206,1.3859397411346435,0.6933557748794555,1.373349678516388,0.7023158133029938
366,0.08141575157642364,0.07989910617470741,0.0040037810889771205,1.3860113739967346,0.6932615578174591,1.3707306861877442,0.702206814289093
367,0.07878886684775352,0.07987086847424507,0.0019613399490481243,1.385656213760376,0.6934690058231354,1.3729085326194763,0.7034750044345855
368,0.0804837241768837,0.07984414175152779,0.0016034791187848896,1.3858313322067262,0.6934049785137176,1.372712790966034,0.7015203833580017
369,0.08229336813092232,0.07982828915119171,0.0037332612031605096,1.3860429286956788,0.6931824684143066,1.375709867477417,0.6968210399150848
370,0.08066886439919471,0.07977844327688217,0.0048088252719026055,1.3854910254478454,0.6933489382266999,1.377306592464447,0.6967651784420014
371,0.0807297483086586,0.07973674014210701,0.00094814585900167,1.3858569622039796,0.6932727992534637,1.381403958797455,0.6918995440006256
372,0.08114802241325378,0.0796907402575016,0.008873811330704483,1.3858124971389771,0.6932473003864288,1.3829281210899353,0.6908086597919464
373,0.07918008863925934,0.07963520437479019,0.002268007700331509,1.3858862280845643,0.6933374106884003,1.3849072933197022,0.6913974225521088
374,0.0795617751777172,0.07957099825143814,0.0019800949230557308,1.386242973804474,0.6932177126407624,1.390792691707611,0.6883850693702698
375,0.08114052563905716,0.07950716763734818,0.004100187221774831,1.3860390663146973,0.6933050096035004,1.3878037214279175,0.6907047927379608
376,0.07969994395971298,0.07944241240620613,0.0009870539244730026,1.3857422709465026,0.6933567583560943,1.3856456398963928,0.6947017848491669
377,0.08052286878228188,0.07938253805041313,0.006355466008244548,1.385832142829895,0.6932592511177063,1.3841084957122802,0.6957174897193908
378,0.07991074547171592,0.07932689562439918,0.0022051928463042714,1.3859346628189086,0.6932255923748016,1.3791658878326416,0.700006079673767
379,0.0776417724788189,0.07926525473594666,0.0035180079139536247,1.3855780839920044,0.6934845983982086,1.3747540354728698,0.7068327844142914
380,0.0799446739256382,0.07919631674885749,0.0034360687001026235,1.385822582244873,0.6932209849357605,1.3751678943634034,0.7061946511268615
381,0.07983236238360406,0.07913375273346901,0.0015910426242044195,1.3858227968215941,0.6933383464813232,1.368816900253296,0.7115825057029724
382,0.08059973418712615,0.0790934331715107,0.001470988057553768,1.385839033126831,0.6933737635612488,1.3691834926605224,0.7139291942119599
383,0.07751289010047913,0.07904955744743347,0.007687302387785167,1.3858576893806458,0.6933679759502411,1.3660934567451477,0.716814112663269
384,0.07943675965070725,0.078988728672266,0.0029669187671970574,1.3857098937034606,0.6934734940528869,1.367062759399414,0.716333270072937
385,0.07840288653969765,0.07895859554409981,0.001283039734698832,1.3858989357948304,0.6932344198226928,1.3655941605567932,0.7154814660549164
386,0.08210518285632133,0.07890957742929458,0.003842501914186869,1.3858142614364624,0.6932652175426484,1.3658858060836792,0.7153391301631927
387,0.08212562650442123,0.07887187600135803,0.00342040968243964,1.3859758973121643,0.6931540250778199,1.3661859393119813,0.7143378317356109
388,0.07942113503813744,0.07882842198014259,0.006243105314206332,1.3858728885650635,0.6932142019271851,1.372685480117798,0.7109064757823944
389,0.07773111760616302,0.0787944108247757,0.0018904846394434572,1.3857452392578125,0.693355280160904,1.3748539447784425,0.7065327346324921
390,0.08059113025665283,0.07876466363668441,0.002606019761878997,1.386060905456543,0.6932512581348419,1.37523295879364,0.7042814671993256
391,0.07927489504218102,0.07871861755847931,0.0031090081844013183,1.3858289003372193,0.6934592962265015,1.3814778447151184,0.6984988510608673
392,0.07903178855776787,0.07868198379874229,0.0011685710036545061,1.3858614563941956,0.6932039499282837,1.3839897871017457,0.6957076489925385
393,0.07898747697472572,0.07863476946949959,0.0014170283480780198,1.38586186170578,0.6933779120445251,1.386573815345764,0.6912046134471893
394,0.07944992780685425,0.07859862372279167,0.00101140044425847,1.3858428955078126,0.6932538866996765,1.3872497797012329,0.6908509016036988
395,0.07775982841849327,0.07859096229076386,0.0008365962305106223,1.3856992721557617,0.6933871984481812,1.3885214924812317,0.6888307809829712
396,0.07853920087218284,0.07854965329170227,0.00332719310245011,1.3858564138412475,0.6933465898036957,1.3865896701812743,0.6894149303436279
397,0.0806768037378788,0.07853070124983788,0.0014178656667354517,1.3859999537467957,0.6934598505496978,1.3875873923301696,0.6903282225131988
398,0.0780283696949482,0.07850385457277298,0.003991597777348943,1.385661745071411,0.6933938145637513,1.384393000602722,0.6914694607257843
399,0.07998699843883514,0.07848857641220093,0.0016897307883482426,1.3859180808067322,0.6932084858417511,1.3828799843788147,0.6934575617313385
400,0.07929856181144715,0.07848979234695434,0.001024394205887802,1.3857688426971435,0.6933174014091492,1.3806790590286255,0.6949248671531677
401,0.08087637796998023,0.07849487960338593,0.0013067839056020603,1.3858262181282044,0.6932757258415222,1.3811075091362,0.6960245132446289
402,0.07874443084001541,0.07851724848151206,0.0010619006701745094,1.385837185382843,0.693271690607071,1.3799327254295348,0.6938612520694732
403,0.07956783175468445,0.0785200133919716,0.0012288429687032476,1.3856910467147827,0.6933857560157776,1.3852473020553588,0.6898479402065277
404,0.08028013557195664,0.07851282283663749,0.001370804218458943,1.3860294342041015,0.69321990609169,1.3912580847740172,0.6856008887290954
405,0.07816088125109673,0.07851204127073289,0.0019156914408085869,1.3858973622322082,0.693362957239151,1.3969062685966491,0.6803370535373687
406,0.07802216857671737,0.07849083989858627,0.006522257617325522,1.3860156893730164,0.6933247983455658,1.4030174970626832,0.6765355348587037
407,0.07745001763105393,0.07845970690250396,0.0033465519692981614,1.3858333945274353,0.6933406949043274,1.4054568648338317,0.6754580974578858
408,0.07857757434248924,0.07842220366001129,0.002621394509333186,1.385749101638794,0.6933358490467072,1.4037824392318725,0.6764055669307709
409,0.0803516909480095,0.07837206050753594,0.001803845854010433,1.3859095215797423,0.6933132112026215,1.4003654360771178,0.6793352663516998
410,0.07956669107079506,0.07833421155810356,0.0033776345662772655,1.3859110474586487,0.6933114945888519,1.3945459485054017,0.688325572013855
411,0.0780080534517765,0.07829133272171021,0.003075115685351193,1.3856861233711242,0.693471509218216,1.3890859127044677,0.6950988948345185
412,0.0786199115216732,0.0782672993838787,0.003754047368420288,1.3859230041503907,0.693224561214447,1.3783445358276367,0.7053721904754638
413,0.07789956852793693,0.07823130488395691,0.0032636197545798497,1.38577401638031,0.6933618068695069,1.3733158469200135,0.7129292905330658
414,0.07637828215956688,0.07822166606783867,0.008194957731757314,1.3860405325889587,0.6933611094951629,1.3623406887054443,0.7207226097583771
415,0.07864265516400337,0.07820856869220734,0.002525548593257554,1.385826575756073,0.693289577960968,1.357185459136963,0.7262601017951965
416,0.07950462773442268,0.07820044308900834,0.0029967298294650392,1.3858050227165222,0.693322604894638,1.3547511577606202,0.7290435910224915
417,0.07975025996565818,0.07819249257445335,0.005223623645724729,1.385754144191742,0.6933159828186035,1.3541735887527466,0.7279241263866425
418,0.07881766259670257,0.0781818114221096,0.001775078717037104,1.3857174515724182,0.6932940363883973,1.356156325340271,0.7248526096343995
419,0.07925694584846496,0.07817194536328316,0.002497086743824184,1.385808527469635,0.6932925522327423,1.3607101321220398,0.7183006584644318
420,0.07770448550581932,0.07813979312777519,0.0008784998906776309,1.3857626438140869,0.6934929490089417,1.370858645439148,0.7069953262805939
421,0.07812673822045327,0.078094282746315,0.0035041661438299345,1.385977840423584,0.6933005213737488,1.380674958229065,0.6975594103336334
422,0.0803579866886139,0.07802371457219123,0.002535289735533297,1.3858973145484925,0.6932162165641784,1.3905800700187683,0.6902149617671967
423,0.07896677032113075,0.07796476483345031,0.0009211921831592917,1.385878825187683,0.6933246493339539,1.3979665994644166,0.6830953299999237
424,0.07897451221942901,0.07787300795316696,0.0026326141160097905,1.385946226119995,0.6933290719985962,1.4002313494682312,0.6793471872806549
425,0.07887483015656471,0.07778251618146896,0.002853534373571165,1.3859336018562316,0.6932485222816467,1.4039827108383178,0.6793538272380829
426,0.07748951539397239,0.07768422737717628,0.0011969727522227914,1.385824191570282,0.6932981312274933,1.4066555619239807,0.6794916749000549
427,0.07769638001918792,0.07761435657739639,0.0037224882922600954,1.3858943939208985,0.6931728661060333,1.4019603729248047,0.6835394740104676
428,0.07911057099699974,0.07752467915415764,0.002214437097427435,1.3857571721076964,0.6933574378490448,1.3992428541183473,0.6847633361816406
429,0.07750530987977981,0.07745811864733695,0.001051633014867548,1.3857045412063598,0.6933813095092773,1.3983286142349243,0.6870886087417603
430,0.07820266857743263,0.07737225741147995,0.0012593774416018277,1.3857631802558898,0.6933134496212006,1.396942412853241,0.686950433254242
431,0.07840794995427132,0.07729677706956864,0.0031951119381119497,1.3858145475387573,0.6931757688522339,1.3978609681129455,0.6889289200305939
432,0.07572315335273742,0.07723032012581825,0.005763582917279564,1.3856913566589355,0.6934959471225739,1.3948243021965028,0.6910002052783966
433,0.07788708284497262,0.07718361392617226,0.00256015456689056,1.3858646988868712,0.6932485818862915,1.3918066382408143,0.6916972756385803
434,0.07772766798734665,0.07711473777890206,0.003388333332259208,1.3858182191848756,0.6932823598384857,1.3932498216629028,0.6909345269203186
435,0.07806136757135392,0.07705340459942818,0.0044178973010275515,1.3856296777725219,0.6934874832630158,1.3899150490760803,0.6929589688777924
436,0.07591799646615982,0.07699737548828126,0.004939434846164659,1.385608160495758,0.6934371411800384,1.391041886806488,0.6942442536354065
437,0.07685296460986138,0.07693958282470703,0.0014812482491834088,1.385645318031311,0.6935409843921662,1.386474847793579,0.6981010377407074
438,0.07635506987571716,0.07689406946301461,0.0010558745663729497,1.3856927633285523,0.6933633863925934,1.3799423933029176,0.7027738749980926
439,0.07961838021874428,0.07686160504817963,0.0067754589632386345,1.385925841331482,0.6931984961032868,1.3738898038864136,0.7073251485824585
440,0.08047286048531532,0.0768571749329567,0.0015116820490220562,1.385902500152588,0.693220978975296,1.3704434156417846,0.7123874366283417
441,0.07774235606193543,0.07685568854212761,0.002485951733251568,1.38601051568985,0.6933087885379792,1.364670729637146,0.7156129062175751
442,0.07575650662183761,0.07687490805983543,0.0036135735164862124,1.3859017014503479,0.6933377504348754,1.3632302761077881,0.7156551957130433
443,0.07847395241260528,0.07689072638750076,0.00424029094283469,1.3861815214157105,0.6932394206523895,1.359943151473999,0.7150032818317413
444,0.07759328857064247,0.07692969366908073,0.002210782159818336,1.385757851600647,0.6934079647064209,1.364117157459259,0.711815232038498
445,0.07701583504676819,0.07693958133459092,0.0008926231705117971,1.3857300877571106,0.6932806670665741,1.3689687490463256,0.7062547326087951
446,0.0772024266421795,0.07694884166121482,0.006931306901969947,1.3859575986862183,0.6934049546718597,1.3741801857948304,0.6997816503047943
447,0.0782080240547657,0.0769542396068573,0.002366804768098518,1.385895049571991,0.6933522701263428,1.3757788300514222,0.6950916767120361
448,0.07608277723193169,0.07695843130350113,0.002132899995194748,1.385768175125122,0.6933797657489776,1.3818127870559693,0.6882458806037903
449,0.07709045633673668,0.07694159522652626,0.001341730394779006,1.3858045935630798,0.6933428108692169,1.386291491985321,0.6842027068138122
450,0.07819798290729522,0.0769010305404663,0.001963079598499462,1.3857500791549682,0.6934383392333985,1.3873972654342652,0.6824517011642456
451,0.07692881822586059,0.076871407777071,0.0007250677386764437,1.3856877088546753,0.6933629512786865,1.395316743850708,0.6760679602622985
452,0.07741017863154412,0.07682474255561829,0.0010972776042763143,1.3858599424362184,0.6933591783046722,1.3919398546218873,0.6792357087135314
453,0.07820755019783973,0.07678724825382233,0.0014212512644007802,1.3858935832977295,0.6932445585727691,1.3904809832572937,0.6806408345699311
454,0.07906693369150161,0.07674384415149689,0.0009284266503527761,1.3859050393104553,0.6933010876178741,1.3908954739570618,0.6824945509433746
455,0.07721682712435722,0.07670699134469032,0.002712394171976484,1.3857949256896973,0.6932580947875977,1.3873283743858338,0.6849221229553223
456,0.07734512463212014,0.07667120024561883,0.002202294241578784,1.3859161615371705,0.6933843672275544,1.3833801031112671,0.6884119510650635
457,0.07784832045435905,0.0766583725810051,0.0017090271838242188,1.3858025312423705,0.6933210074901581,1.3805851578712462,0.6911354899406433
458,0.07636475414037705,0.07661056667566299,0.0010577522829407827,1.38586323261261,0.6933043777942658,1.3810168862342835,0.6926254034042358
459,0.07696285173296928,0.07659271731972694,0.002657404710771516,1.3857199430465699,0.6932699799537658,1.3801786422729492,0.6935396015644073
460,0.07504403069615365,0.07656275257468223,0.0034080434903444256,1.3857514142990113,0.6932960033416748,1.3794793844223023,0.6934798181056976
461,0.0768083892762661,0.07652541100978852,0.003141697365208529,1.3858802795410157,0.6933395028114319,1.3823527097702026,0.6926312208175659
462,0.07827119454741478,0.07648891434073449,0.005281434302742127,1.3860004186630248,0.6932863295078278,1.3810420989990235,0.6937006175518036
463,0.07758677080273628,0.07644893229007721,0.0032295521217747592,1.3858386158943177,0.6932943999767304,1.3856751680374146,0.6930921316146851
464,0.07625251337885856,0.07637771219015121,0.001490469681448303,1.3856173276901245,0.6935236394405365,1.3813619017601013,0.6951613903045655
465,0.07652673795819283,0.07633155286312103,0.0012240606942214073,1.3857194185256958,0.6933119654655456,1.379474139213562,0.6977488279342652
466,0.0757511742413044,0.07626603916287422,0.0032655251226969993,1.3859657764434814,0.6934434592723846,1.3790743470191955,0.7010019242763519
467,0.07439118921756745,0.07620957642793655,0.0032809214637381954,1.3856138229370116,0.6933607637882233,1.374570941925049,0.7064521193504334
468,0.07654168829321861,0.07616573423147202,0.0008903011250367854,1.3859322905540465,0.6932429254055024,1.3728785514831543,0.7081991910934449
469,0.07758124843239785,0.0761159636080265,0.0021744945261161774,1.3856478333473206,0.6933953642845154,1.3668893814086913,0.7112179338932038
470,0.07789464741945266,0.07606340870261193,0.0009088456543395295,1.3859350562095643,0.6932787358760834,1.3680397987365722,0.7127466559410095
471,0.07647111713886261,0.0760123886168003,0.0013715347391553222,1.3856582403182984,0.6933722078800202,1.3657894492149354,0.7142544507980346
472,0.07708267197012901,0.07598495334386826,0.0023775731911882757,1.3856539845466613,0.6933253407478333,1.3662028789520264,0.7123164772987366
473,0.0759239487349987,0.0759408488869667,0.0012810872707632371,1.3855270743370056,0.693456494808197,1.3695081710815429,0.7096788108348846
474,0.07520620822906494,0.07588285431265832,0.003980500248144381,1.3859009742736816,0.6932971119880676,1.3707194089889527,0.7065943121910095
475,0.07811494916677475,0.07583545818924904,0.0014310879894765093,1.3858677864074707,0.6931575477123261,1.38032785654068,0.6993162631988525
476,0.07721567526459694,0.07579188048839569,0.004839413659647107,1.3858110904693604,0.6934008121490478,1.3819653987884521,0.6950578927993775
477,0.07584238797426224,0.07573074623942375,0.0012143229556386358,1.3858323097229004,0.6933522522449493,1.3870705962181091,0.6928562819957733
478,0.07694000899791717,0.07569674998521805,0.0008783924175077118,1.3860001683235168,0.6932440757751465,1.3871806263923645,0.6910573363304138
479,0.0759678915143013,0.07562731131911278,0.0013027426990447565,1.3857776403427124,0.693256539106369,1.3860106945037842,0.6922495007514954
480,0.07532824724912643,0.07556287124752999,0.0025744207290699706,1.3858980536460876,0.6932533264160157,1.3859479665756225,0.6937579691410065
481,0.07749131098389625,0.07551740929484367,0.0038592375436564907,1.3858569025993348,0.6933448553085327,1.3844133615493774,0.6955340445041657
482,0.07557076439261437,0.07546738088130951,0.005632331721426453,1.3856324195861816,0.6934318006038666,1.3808416724205017,0.6997630178928376
483,0.0760004349052906,0.07541735768318177,0.0007066719335853122,1.3859018683433533,0.6933243989944458,1.3776132464408875,0.7031583786010742
484,0.07644782662391662,0.07538511827588082,0.0035886057768948374,1.3858499646186828,0.6931985497474671,1.3739782452583313,0.7065727055072785
485,0.07421400099992752,0.07534987181425094,0.0013410412968369201,1.3858449697494506,0.6933537006378174,1.3700756669044494,0.7093447744846344
486,0.0763284645974636,0.07532042488455773,0.0009742433394421823,1.385850715637207,0.693326598405838,1.3709782481193542,0.7108421981334686
487,0.07497690394520759,0.07529174536466599,0.0038908188726054505,1.3858482599258424,0.6933053731918335,1.3688035607337952,0.7106675565242767
488,0.07656924501061439,0.07525385394692422,0.0057240240625105795,1.385782039165497,0.6933698177337646,1.3686004281044006,0.7096286296844483
489,0.07453871965408325,0.07521959766745567,0.0007245144981425256,1.3857391715049743,0.6933054983615875,1.3693343877792359,0.7090577185153961
490,0.07417696192860604,0.07518982589244842,0.002046302260714583,1.3855406999588014,0.6935349524021148,1.3702341198921204,0.7065997779369354
491,0.07532747238874435,0.07513604909181595,0.004146043028595159,1.385815405845642,0.6933225095272064,1.369140350818634,0.7065180540084839
492,0.07699335440993309,0.07509816512465477,0.0009642117191106081,1.3859704971313476,0.6931785404682159,1.3741411566734314,0.7045460283756256
493,0.07880437895655631,0.07503753304481506,0.0018858247713069431,1.385723054409027,0.6932282626628876,1.3782267212867736,0.7019436895847321
494,0.07603253722190857,0.07499531060457229,0.0017424530917196535,1.3860409140586853,0.6932503342628479,1.3810121893882752,0.6989764034748077
495,0.07446475625038147,0.07493298575282097,0.0010125917207915336,1.3859405279159547,0.6932709574699402,1.3797041773796082,0.6989717781543732
496,0.0756907545030117,0.07488948181271553,0.002705830777995288,1.3856797695159913,0.6932969689369202,1.381165361404419,0.6995893955230713
497,0.07543498873710633,0.07482221648097039,0.0014638318578363396,1.3856614351272583,0.6934054791927338,1.3801568388938903,0.7001985669136047
498,0.07538066506385803,0.07477084770798684,0.0017580686369910836,1.3859002470970154,0.6932368814945221,1.3783184170722962,0.7033897280693054
499,0.07501391172409058,0.0747370332479477,0.0017777187516912819,1.3859642028808594,0.6932990312576294,1.3736353158950805,0.7071275293827057
500,0.07563239336013794,0.07469383627176285,0.001969916286179796,1.3858627438545228,0.6933246552944183,1.3733820796012879,0.7096755504608154
